idx,session_id,camera_id,presented_order,time_ms,label_state,sub_label,attributes,confidence,is_uncertain,desc_major,desc_sub,desc_attrs,description,nl_tags,desc_major_encoded,observation.robot_state.joint_positions_2,action.joint_position_0,action.target_cartesian_position_1,action.joint_position_2,action.cartesian_position_1
0,Mon_May_15_22_22_44_2023,20103212,0,7930,idle,none,,M,0,로봇이 대기 상태입니다.,특이 동작 없음.,,"[1/250] 로봇이 대기 상태입니다. 특이 동작 없음. (session=Mon_May_15_22_22_44_2023, cam=20103212)",idle;none;standby;waiting;대기;정지,2,-0.04385517165064812,-0.04910618445137516,-0.036012448370456696,-0.04357827585772611,-0.03605009987950325
1,Mon_May_15_22_22_44_2023,20103212,1,890,idle,none,,M,0,로봇이 대기 상태입니다.,특이 동작 없음.,,"[2/250] 로봇이 대기 상태입니다. 특이 동작 없음. (session=Mon_May_15_22_22_44_2023, cam=20103212)",idle;none;standby;waiting;대기;정지,2,-0.04385232925415039,-0.0491045864764601,-0.036012448370456696,-0.04358467200654559,-0.03606876730918884
2,Mon_May_15_22_22_44_2023,20103212,2,357,idle,none,,M,0,로봇이 대기 상태입니다.,특이 동작 없음.,,"[3/250] 로봇이 대기 상태입니다. 특이 동작 없음. (session=Mon_May_15_22_22_44_2023, cam=20103212)",idle;none;standby;waiting;대기;정지,2,-0.043866124004125595,-0.049103329016361386,-0.036012448370456696,-0.04358077159849927,-0.03607046604156494
3,Mon_May_15_22_22_44_2023,20103212,3,358,idle,none,,M,0,로봇이 대기 상태입니다.,특이 동작 없음.,,"[4/250] 로봇이 대기 상태입니다. 특이 동작 없음. (session=Mon_May_15_22_22_44_2023, cam=20103212)",idle;none;standby;waiting;대기;정지,2,-0.043860696256160736,-0.049102339311502874,-0.036012448370456696,-0.04357783208251931,-0.03607083112001419
4,Mon_May_15_22_22_44_2023,20103212,4,345,idle,none,,M,0,로봇이 대기 상태입니다.,특이 동작 없음.,,"[5/250] 로봇이 대기 상태입니다. 특이 동작 없음. (session=Mon_May_15_22_22_44_2023, cam=20103212)",idle;none;standby;waiting;대기;정지,2,-0.043851565569639206,-0.049099096562713385,-0.036012448370456696,-0.04357634120970033,-0.036069873720407486
5,Mon_May_15_22_22_44_2023,20103212,5,324,idle,none,,M,0,로봇이 대기 상태입니다.,특이 동작 없음.,,"[6/250] 로봇이 대기 상태입니다. 특이 동작 없음. (session=Mon_May_15_22_22_44_2023, cam=20103212)",idle;none;standby;waiting;대기;정지,2,-0.04385395720601082,-0.049103183147963136,-0.036012448370456696,-0.04358130358741619,-0.036074910312891006
6,Mon_May_15_22_22_44_2023,20103212,6,403,idle,none,,M,0,로봇이 대기 상태입니다.,특이 동작 없음.,,"[7/250] 로봇이 대기 상태입니다. 특이 동작 없음. (session=Mon_May_15_22_22_44_2023, cam=20103212)",idle;none;standby;waiting;대기;정지,2,-0.0438629649579525,-0.049099027703050524,-0.036012448370456696,-0.04357470746617764,-0.03607054799795151
7,Mon_May_15_22_22_44_2023,20103212,7,374,idle,none,,M,0,로봇이 대기 상태입니다.,특이 동작 없음.,,"[8/250] 로봇이 대기 상태입니다. 특이 동작 없음. (session=Mon_May_15_22_22_44_2023, cam=20103212)",idle;none;standby;waiting;대기;정지,2,-0.043855585157871246,-0.04909959709038958,-0.036012448370456696,-0.043575878866249695,-0.03607163950800896
8,Mon_May_15_22_22_44_2023,20103212,8,421,idle,none,,M,0,로봇이 대기 상태입니다.,특이 동작 없음.,,"[9/250] 로봇이 대기 상태입니다. 특이 동작 없음. (session=Mon_May_15_22_22_44_2023, cam=20103212)",idle;none;standby;waiting;대기;정지,2,-0.04385197535157204,-0.04909676418174058,-0.036012448370456696,-0.04357415743288584,-0.03607058525085449
9,Mon_May_15_22_22_44_2023,20103212,9,404,idle,none,,M,0,로봇이 대기 상태입니다.,특이 동작 없음.,,"[10/250] 로봇이 대기 상태입니다. 특이 동작 없음. (session=Mon_May_15_22_22_44_2023, cam=20103212)",idle;none;standby;waiting;대기;정지,2,-0.043849606066942215,-0.049100219388492405,-0.036012448370456696,-0.04358041926752776,-0.03607472777366638
10,Mon_May_15_22_22_44_2023,20103212,10,403,idle,none,,M,0,로봇이 대기 상태입니다.,특이 동작 없음.,,"[11/250] 로봇이 대기 상태입니다. 특이 동작 없음. (session=Mon_May_15_22_22_44_2023, cam=20103212)",idle;none;standby;waiting;대기;정지,2,-0.043854761868715286,-0.04910265241051093,-0.036012448370456696,-0.04357887912192382,-0.036075130105018616
11,Mon_May_15_22_22_44_2023,20103212,11,348,idle,none,,M,0,로봇이 대기 상태입니다.,특이 동작 없음.,,"[12/250] 로봇이 대기 상태입니다. 특이 동작 없음. (session=Mon_May_15_22_22_44_2023, cam=20103212)",idle;none;standby;waiting;대기;정지,2,-0.043854761868715286,-0.04909402009798214,-0.036012448370456696,-0.043570924433879554,-0.03606880083680153
12,Mon_May_15_22_22_44_2023,20103212,12,312,idle,none,,M,0,로봇이 대기 상태입니다.,특이 동작 없음.,,"[13/250] 로봇이 대기 상태입니다. 특이 동작 없음. (session=Mon_May_15_22_22_44_2023, cam=20103212)",idle;none;standby;waiting;대기;정지,2,-0.043854761868715286,-0.049100802338216454,-0.036012448370456696,-0.04357399157015607,-0.03607291355729103
13,Mon_May_15_22_22_44_2023,20103212,13,393,idle,none,,M,0,로봇이 대기 상태입니다.,특이 동작 없음.,,"[14/250] 로봇이 대기 상태입니다. 특이 동작 없음. (session=Mon_May_15_22_22_44_2023, cam=20103212)",idle;none;standby;waiting;대기;정지,2,-0.04385726526379585,-0.049101703392807394,-0.036074936389923096,-0.04357907015946694,-0.036075983196496964
14,Mon_May_15_22_22_44_2023,20103212,14,374,idle,none,,M,0,로봇이 대기 상태입니다.,특이 동작 없음.,,"[15/250] 로봇이 대기 상태입니다. 특이 동작 없음. (session=Mon_May_15_22_22_44_2023, cam=20103212)",idle;none;standby;waiting;대기;정지,2,-0.04386189952492714,-0.04870551449130289,-0.03556061630091267,-0.042956281336955726,-0.03588145540893524
15,Mon_May_15_22_22_44_2023,20103212,15,342,idle,none,,M,0,로봇이 대기 상태입니다.,특이 동작 없음.,,"[16/250] 로봇이 대기 상태입니다. 특이 동작 없음. (session=Mon_May_15_22_22_44_2023, cam=20103212)",idle;none;standby;waiting;대기;정지,2,-0.04386042430996895,-0.0501097715459764,-0.04376047408525263,-0.048388248309493065,-0.038987111508638095
16,Mon_May_15_22_22_44_2023,20103212,16,373,idle,none,,M,0,로봇이 대기 상태입니다.,특이 동작 없음.,,"[17/250] 로봇이 대기 상태입니다. 특이 동작 없음. (session=Mon_May_15_22_22_44_2023, cam=20103212)",idle;none;standby;waiting;대기;정지,2,-0.04383641108870506,-0.051069449400529265,-0.050864502305770665,-0.05222656298428774,-0.041904231352725904
17,Mon_May_15_22_22_44_2023,20103212,17,345,idle,none,,M,0,로봇이 대기 상태입니다.,특이 동작 없음.,,"[18/250] 로봇이 대기 상태입니다. 특이 동작 없음. (session=Mon_May_15_22_22_44_2023, cam=20103212)",idle;none;standby;waiting;대기;정지,2,-0.04400598257780075,-0.05431923596188426,-0.06209656658248025,-0.0581442154943943,-0.0468684120568481
18,Mon_May_15_22_22_44_2023,20103212,18,389,idle,none,,M,0,로봇이 대기 상태입니다.,특이 동작 없음.,,"[19/250] 로봇이 대기 상태입니다. 특이 동작 없음. (session=Mon_May_15_22_22_44_2023, cam=20103212)",idle;none;standby;waiting;대기;정지,2,-0.045010894536972046,-0.05799050536006689,-0.07317389193831136,-0.06554645299911499,-0.05260637735448126
19,Mon_May_15_22_22_44_2023,20103212,19,294,idle,none,,M,0,로봇이 대기 상태입니다.,특이 동작 없음.,,"[20/250] 로봇이 대기 상태입니다. 특이 동작 없음. (session=Mon_May_15_22_22_44_2023, cam=20103212)",idle;none;standby;waiting;대기;정지,2,-0.04783725365996361,-0.0608326205983758,-0.0814053824797627,-0.07282469794154167,-0.058219087729430075
20,Mon_May_15_22_22_44_2023,20103212,20,373,idle,none,,M,0,로봇이 대기 상태입니다.,특이 동작 없음.,,"[21/250] 로봇이 대기 상태입니다. 특이 동작 없음. (session=Mon_May_15_22_22_44_2023, cam=20103212)",idle;none;standby;waiting;대기;정지,2,-0.052324600517749786,-0.06392247136682272,-0.09307854284493527,-0.08327849209308624,-0.06598061429205687
21,Mon_May_15_22_22_44_2023,20103212,21,1096,idle,none,,M,0,로봇이 대기 상태입니다.,특이 동작 없음.,,"[22/250] 로봇이 대기 상태입니다. 특이 동작 없음. (session=Mon_May_15_22_22_44_2023, cam=20103212)",idle;none;standby;waiting;대기;정지,2,-0.05875192955136299,-0.06858401279896498,-0.10157657784526086,-0.09129891358315945,-0.07316990847626528
22,Mon_May_15_22_22_44_2023,20103212,22,310,idle,none,,M,0,로봇이 대기 상태입니다.,특이 동작 없음.,,"[23/250] 로봇이 대기 상태입니다. 특이 동작 없음. (session=Mon_May_15_22_22_44_2023, cam=20103212)",idle;none;standby;waiting;대기;정지,2,-0.06681840866804123,-0.07247988972812891,-0.11059679199263794,-0.10183285176753998,-0.08121627656372392
23,Mon_May_15_22_22_44_2023,20103212,23,342,idle,none,,M,0,로봇이 대기 상태입니다.,특이 동작 없음.,,"[24/250] 로봇이 대기 상태입니다. 특이 동작 없음. (session=Mon_May_15_22_22_44_2023, cam=20103212)",idle;none;standby;waiting;대기;정지,2,-0.07593577355146408,-0.07889578491449356,-0.11997986240731007,-0.10872203670442104,-0.0896490678323296
24,Mon_May_15_22_22_44_2023,20103212,24,327,idle,none,,M,0,로봇이 대기 상태입니다.,특이 동작 없음.,,"[25/250] 로봇이 대기 상태입니다. 특이 동작 없음. (session=Mon_May_15_22_22_44_2023, cam=20103212)",idle;none;standby;waiting;대기;정지,2,-0.08544604480266571,-0.08558187261223793,-0.12688596428968912,-0.11437924206256866,-0.09740999762541952
25,Mon_May_15_22_22_44_2023,20103212,25,374,idle,none,,M,0,로봇이 대기 상태입니다.,특이 동작 없음.,,"[26/250] 로봇이 대기 상태입니다. 특이 동작 없음. (session=Mon_May_15_22_22_44_2023, cam=20103212)",idle;none;standby;waiting;대기;정지,2,-0.09505370259284973,-0.09522534720599651,-0.1413996592004494,-0.12304773554205894,-0.10809458232817784
26,Mon_May_15_22_22_44_2023,20103212,26,846,approach,far,,M,0,로봇이 대상에 접근하고 있습니다.,먼 거리에서 접근 중.,,"[27/250] 로봇이 대상에 접근하고 있습니다. 먼 거리에서 접근 중. (session=Mon_May_15_22_22_44_2023, cam=20103212)",approach;distant;far;move closer;다가감;먼;접근,3,-0.10412054508924484,-0.10595921240746975,-0.1587787053664228,-0.13308710232377052,-0.11997210259287434
27,Mon_May_15_22_22_44_2023,20103212,27,294,approach,far,,M,0,로봇이 대상에 접근하고 있습니다.,먼 거리에서 접근 중.,,"[28/250] 로봇이 대상에 접근하고 있습니다. 먼 거리에서 접근 중. (session=Mon_May_15_22_22_44_2023, cam=20103212)",approach;distant;far;move closer;다가감;먼;접근,3,-0.11188989132642746,-0.11705461330711842,-0.1733521578502607,-0.1425072904676199,-0.13133566855609236
28,Mon_May_15_22_22_44_2023,20103212,28,352,approach,far,,M,0,로봇이 대상에 접근하고 있습니다.,먼 거리에서 접근 중.,,"[29/250] 로봇이 대상에 접근하고 있습니다. 먼 거리에서 접근 중. (session=Mon_May_15_22_22_44_2023, cam=20103212)",approach;distant;far;move closer;다가감;먼;접근,3,-0.11969172209501266,-0.12640323676168919,-0.1830949389504094,-0.15318794175982475,-0.14124718042339007
29,Mon_May_15_22_22_44_2023,20103212,29,167,approach,far,,M,0,로봇이 대상에 접근하고 있습니다.,먼 거리에서 접근 중.,,"[30/250] 로봇이 대상에 접근하고 있습니다. 먼 거리에서 접근 중. (session=Mon_May_15_22_22_44_2023, cam=20103212)",approach;distant;far;move closer;다가감;먼;접근,3,-0.12857794761657715,-0.11660383781418204,-0.11098482459783554,-0.13412771467119455,-0.1209527924656868
30,Mon_May_15_22_22_44_2023,20103212,30,318,approach,far,,M,0,로봇이 대상에 접근하고 있습니다.,먼 거리에서 접근 중.,,"[31/250] 로봇이 대상에 접근하고 있습니다. 먼 거리에서 접근 중. (session=Mon_May_15_22_22_44_2023, cam=20103212)",approach;distant;far;move closer;다가감;먼;접근,3,-0.1384098380804062,-0.1262974077835679,-0.11098482459783554,-0.14148655673488975,-0.129911869764328
31,Mon_May_15_22_22_44_2023,20103212,31,325,approach,far,,M,0,로봇이 대상에 접근하고 있습니다.,먼 거리에서 접근 중.,,"[32/250] 로봇이 대상에 접근하고 있습니다. 먼 거리에서 접근 중. (session=Mon_May_15_22_22_44_2023, cam=20103212)",approach;distant;far;move closer;다가감;먼;접근,3,-0.14627869427204132,-0.13251397525891662,-0.11098482459783554,-0.14612729055806994,-0.13598746061325073
32,Mon_May_15_22_22_44_2023,20103212,32,390,approach,far,,M,0,로봇이 대상에 접근하고 있습니다.,먼 거리에서 접근 중.,,"[33/250] 로봇이 대상에 접근하고 있습니다. 먼 거리에서 접근 중. (session=Mon_May_15_22_22_44_2023, cam=20103212)",approach;distant;far;move closer;다가감;먼;접근,3,-0.15173324942588806,-0.13523804023861885,-0.11098482459783554,-0.14792756410315633,-0.13895337283611298
33,Mon_May_15_22_22_44_2023,20103212,33,311,approach,far,,M,0,로봇이 대상에 접근하고 있습니다.,먼 거리에서 접근 중.,,"[34/250] 로봇이 대상에 접근하고 있습니다. 먼 거리에서 접근 중. (session=Mon_May_15_22_22_44_2023, cam=20103212)",approach;distant;far;move closer;다가감;먼;접근,3,-0.15391430258750916,-0.13526451075449586,-0.11098482459783554,-0.14748681290075183,-0.13913168013095856
34,Mon_May_15_22_22_44_2023,20103212,34,375,approach,far,,M,0,로봇이 대상에 접근하고 있습니다.,먼 거리에서 접근 중.,,"[35/250] 로봇이 대상에 접근하고 있습니다. 먼 거리에서 접근 중. (session=Mon_May_15_22_22_44_2023, cam=20103212)",approach;distant;far;move closer;다가감;먼;접근,3,-0.1536269634962082,-0.13419985072687268,-0.11098482459783554,-0.14677279815077782,-0.1384212076663971
35,Mon_May_15_22_22_44_2023,20103212,35,201,approach,far,,M,0,로봇이 대상에 접근하고 있습니다.,먼 거리에서 접근 중.,,"[36/250] 로봇이 대상에 접근하고 있습니다. 먼 거리에서 접근 중. (session=Mon_May_15_22_22_44_2023, cam=20103212)",approach;distant;far;move closer;다가감;먼;접근,3,-0.15300902724266052,-0.13322596345096827,-0.11098482459783554,-0.14639326883479953,-0.1379021555185318
36,Mon_May_15_22_22_44_2023,20103212,36,283,approach,far,,M,0,로봇이 대상에 접근하고 있습니다.,먼 거리에서 접근 중.,,"[37/250] 로봇이 대상에 접근하고 있습니다. 먼 거리에서 접근 중. (session=Mon_May_15_22_22_44_2023, cam=20103212)",approach;distant;far;move closer;다가감;먼;접근,3,-0.15277811884880066,-0.13301926292479038,-0.11098482459783554,-0.14634397625923157,-0.13786989450454712
37,Mon_May_15_22_22_44_2023,20103212,37,202,approach,far,,M,0,로봇이 대상에 접근하고 있습니다.,먼 거리에서 접근 중.,,"[38/250] 로봇이 대상에 접근하고 있습니다. 먼 거리에서 접근 중. (session=Mon_May_15_22_22_44_2023, cam=20103212)",approach;distant;far;move closer;다가감;먼;접근,3,-0.15275724232196808,-0.13303969521075487,-0.11098482459783554,-0.1463537411764264,-0.13794904947280884
38,Mon_May_15_22_22_44_2023,20103212,38,299,approach,far,,M,0,로봇이 대상에 접근하고 있습니다.,먼 거리에서 접근 중.,,"[39/250] 로봇이 대상에 접근하고 있습니다. 먼 거리에서 접근 중. (session=Mon_May_15_22_22_44_2023, cam=20103212)",approach;distant;far;move closer;다가감;먼;접근,3,-0.15277107059955597,-0.13299316726624966,-0.11098482459783554,-0.1463140440173447,-0.13794270157814026
39,Mon_May_15_22_22_44_2023,20103212,39,345,approach,far,,M,0,로봇이 대상에 접근하고 있습니다.,먼 거리에서 접근 중.,,"[40/250] 로봇이 대상에 접근하고 있습니다. 먼 거리에서 접근 중. (session=Mon_May_15_22_22_44_2023, cam=20103212)",approach;distant;far;move closer;다가감;먼;접근,3,-0.15272845327854156,-0.1329852808266878,-0.1379416286945343,-0.14630778459832072,-0.13794341683387756
40,Mon_May_15_22_22_44_2023,20103212,40,236,approach,far,,M,0,로봇이 대상에 접근하고 있습니다.,먼 거리에서 접근 중.,,"[41/250] 로봇이 대상에 접근하고 있습니다. 먼 거리에서 접근 중. (session=Mon_May_15_22_22_44_2023, cam=20103212)",approach;distant;far;move closer;다가감;먼;접근,3,-0.1527196615934372,-0.13368146074935794,-0.14161724672201798,-0.14528074394911528,-0.13935232469992162
41,Mon_May_15_22_22_44_2023,20103212,41,539,approach,far,,M,0,로봇이 대상에 접근하고 있습니다.,먼 거리에서 접근 중.,,"[42/250] 로봇이 대상에 접근하고 있습니다. 먼 거리에서 접근 중. (session=Mon_May_15_22_22_44_2023, cam=20103212)",approach;distant;far;move closer;다가감;먼;접근,3,-0.15259423851966858,-0.13521467056125402,-0.14959279303507378,-0.14564567571505904,-0.14225045258088548
42,Mon_May_15_22_22_44_2023,20103212,42,372,approach,far,,M,0,로봇이 대상에 접근하고 있습니다.,먼 거리에서 접근 중.,,"[43/250] 로봇이 대상에 접근하고 있습니다. 먼 거리에서 접근 중. (session=Mon_May_15_22_22_44_2023, cam=20103212)",approach;distant;far;move closer;다가감;먼;접근,3,-0.1523902714252472,-0.13705271668732166,-0.15616855759539666,-0.14579891320317984,-0.14468346625238085
43,Mon_May_15_22_22_44_2023,20103212,43,340,approach,far,,M,0,로봇이 대상에 접근하고 있습니다.,먼 거리에서 접근 중.,,"[44/250] 로봇이 대상에 접근하고 있습니다. 먼 거리에서 접근 중. (session=Mon_May_15_22_22_44_2023, cam=20103212)",approach;distant;far;move closer;다가감;먼;접근,3,-0.15226632356643677,-0.1403333069756627,-0.15945603281605686,-0.1434479095041752,-0.14631517913322317
44,Mon_May_15_22_22_44_2023,20103212,44,326,approach,far,,M,0,로봇이 대상에 접근하고 있습니다.,먼 거리에서 접근 중.,,"[45/250] 로봇이 대상에 접근하고 있습니다. 먼 거리에서 접근 중. (session=Mon_May_15_22_22_44_2023, cam=20103212)",approach;distant;far;move closer;다가감;먼;접근,3,-0.15224990248680115,-0.14417626336216927,-0.16182190579287126,-0.1398809803649783,-0.14788573012542694
45,Mon_May_15_22_22_44_2023,20103212,45,310,approach,far,,M,0,로봇이 대상에 접근하고 있습니다.,먼 거리에서 접근 중.,,"[46/250] 로봇이 대상에 접근하고 있습니다. 먼 거리에서 접근 중. (session=Mon_May_15_22_22_44_2023, cam=20103212)",approach;distant;far;move closer;다가감;먼;접근,3,-0.15220262110233307,-0.14677751809358597,-0.16273482682234996,-0.13663702737540007,-0.1490376146209499
46,Mon_May_15_22_22_44_2023,20103212,46,344,approach,far,,M,0,로봇이 대상에 접근하고 있습니다.,먼 거리에서 접근 중.,,"[47/250] 로봇이 대상에 접근하고 있습니다. 먼 거리에서 접근 중. (session=Mon_May_15_22_22_44_2023, cam=20103212)",approach;distant;far;move closer;다가감;먼;접근,3,-0.15155275166034698,-0.15264065377414227,-0.1659210693867763,-0.13050289079546928,-0.15127495944618286
47,Mon_May_15_22_22_44_2023,20103212,47,308,approach,far,,M,0,로봇이 대상에 접근하고 있습니다.,먼 거리에서 접근 중.,,"[48/250] 로봇이 대상에 접근하고 있습니다. 먼 거리에서 접근 중. (session=Mon_May_15_22_22_44_2023, cam=20103212)",approach;distant;far;move closer;다가감;먼;접근,3,-0.15028859674930573,-0.15908625721931458,-0.16807950137814176,-0.1221521869301796,-0.15327289737299193
48,Mon_May_15_22_22_44_2023,20103212,48,312,approach,far,,M,0,로봇이 대상에 접근하고 있습니다.,먼 거리에서 접근 중.,,"[49/250] 로봇이 대상에 접근하고 있습니다. 먼 거리에서 접근 중. (session=Mon_May_15_22_22_44_2023, cam=20103212)",approach;distant;far;move closer;다가감;먼;접근,3,-0.1479339599609375,-0.16635425202548504,-0.170724352163097,-0.11211002618074417,-0.15540428644493995
49,Mon_May_15_22_22_44_2023,20103212,49,287,approach,far,,M,0,로봇이 대상에 접근하고 있습니다.,먼 거리에서 접근 중.,,"[50/250] 로봇이 대상에 접근하고 있습니다. 먼 거리에서 접근 중. (session=Mon_May_15_22_22_44_2023, cam=20103212)",approach;distant;far;move closer;다가감;먼;접근,3,-0.14310581982135773,-0.17232494801282883,-0.17461944580168065,-0.10321435332298279,-0.15786840751800885
50,Mon_May_15_22_22_44_2023,20103212,50,278,approach,far,,M,0,로봇이 대상에 접근하고 있습니다.,먼 거리에서 접근 중.,,"[51/250] 로봇이 대상에 접근하고 있습니다. 먼 거리에서 접근 중. (session=Mon_May_15_22_22_44_2023, cam=20103212)",approach;distant;far;move closer;다가감;먼;접근,3,-0.1357448697090149,-0.1755993887782097,-0.17908244758968228,-0.09804130345582962,-0.16083303254144143
51,Mon_May_15_22_22_44_2023,20103212,51,343,approach,far,,M,0,로봇이 대상에 접근하고 있습니다.,먼 거리에서 접근 중.,,"[52/250] 로봇이 대상에 접근하고 있습니다. 먼 거리에서 접근 중. (session=Mon_May_15_22_22_44_2023, cam=20103212)",approach;distant;far;move closer;다가감;먼;접근,3,-0.12689729034900665,-0.1828981675207615,-0.18650896851451348,-0.09153873473405838,-0.16542586499538703
52,Mon_May_15_22_22_44_2023,20103212,52,390,approach,far,,M,0,로봇이 대상에 접근하고 있습니다.,먼 거리에서 접근 중.,,"[53/250] 로봇이 대상에 접근하고 있습니다. 먼 거리에서 접근 중. (session=Mon_May_15_22_22_44_2023, cam=20103212)",approach;distant;far;move closer;다가감;먼;접근,3,-0.11942688375711441,-0.18661504797637463,-0.1904946656108376,-0.0881347507238388,-0.16897178966851817
53,Mon_May_15_22_22_44_2023,20103212,53,366,approach,far,,M,0,로봇이 대상에 접근하고 있습니다.,먼 거리에서 접근 중.,,"[54/250] 로봇이 대상에 접근하고 있습니다. 먼 거리에서 접근 중. (session=Mon_May_15_22_22_44_2023, cam=20103212)",approach;distant;far;move closer;다가감;먼;접근,3,-0.11271402984857559,-0.18838392570614815,-0.19496786004580996,-0.08856372907757759,-0.1729081660742981
54,Mon_May_15_22_22_44_2023,20103212,54,375,approach,far,,M,0,로봇이 대상에 접근하고 있습니다.,먼 거리에서 접근 중.,,"[55/250] 로봇이 대상에 접근하고 있습니다. 먼 거리에서 접근 중. (session=Mon_May_15_22_22_44_2023, cam=20103212)",approach;distant;far;move closer;다가감;먼;접근,3,-0.10699103772640228,-0.18926135450601578,-0.19933392478402623,-0.09100363589823246,-0.17679349285876814
55,Mon_May_15_22_22_44_2023,20103212,55,380,approach,far,,M,0,로봇이 대상에 접근하고 있습니다.,먼 거리에서 접근 중.,,"[56/250] 로봇이 대상에 접근하고 있습니다. 먼 거리에서 접근 중. (session=Mon_May_15_22_22_44_2023, cam=20103212)",approach;distant;far;move closer;다가감;먼;접근,3,-0.10321488976478577,-0.18530654907226562,-0.2016419484136217,-0.09661195892840624,-0.18005103110960546
56,Mon_May_15_22_22_44_2023,20103212,56,382,approach,far,,M,0,로봇이 대상에 접근하고 있습니다.,먼 거리에서 접근 중.,,"[57/250] 로봇이 대상에 접근하고 있습니다. 먼 거리에서 접근 중. (session=Mon_May_15_22_22_44_2023, cam=20103212)",approach;distant;far;move closer;다가감;먼;접근,3,-0.10169999301433563,-0.1840681955218315,-0.20306196219996198,-0.09872799040749669,-0.1827440761300757
57,Mon_May_15_22_22_44_2023,20103212,57,419,approach,far,,M,0,로봇이 대상에 접근하고 있습니다.,먼 거리에서 접근 중.,,"[58/250] 로봇이 대상에 접근하고 있습니다. 먼 거리에서 접근 중. (session=Mon_May_15_22_22_44_2023, cam=20103212)",approach;distant;far;move closer;다가감;먼;접근,3,-0.10165371000766754,-0.18388250516727567,-0.2004793034569302,-0.09702860144898295,-0.18340934427737737
58,Mon_May_15_22_22_44_2023,20103212,58,389,approach,far,,M,0,로봇이 대상에 접근하고 있습니다.,먼 거리에서 접근 중.,,"[59/250] 로봇이 대상에 접근하고 있습니다. 먼 거리에서 접근 중. (session=Mon_May_15_22_22_44_2023, cam=20103212)",approach;distant;far;move closer;다가감;먼;접근,3,-0.10168727487325668,-0.18571722321212292,-0.1970324169143569,-0.09357590228319168,-0.18330780791284634
59,Mon_May_15_22_22_44_2023,20103212,59,342,approach,far,,M,0,로봇이 대상에 접근하고 있습니다.,먼 거리에서 접근 중.,,"[60/250] 로봇이 대상에 접근하고 있습니다. 먼 거리에서 접근 중. (session=Mon_May_15_22_22_44_2023, cam=20103212)",approach;distant;far;move closer;다가감;먼;접근,3,-0.10163852572441101,-0.17389131942763925,-0.18757389622131432,-0.10093415796291083,-0.18028426966517958
60,Mon_May_15_22_22_44_2023,20103212,60,348,approach,far,,M,0,로봇이 대상에 접근하고 있습니다.,먼 거리에서 접근 중.,,"[61/250] 로봇이 대상에 접근하고 있습니다. 먼 거리에서 접근 중. (session=Mon_May_15_22_22_44_2023, cam=20103212)",approach;distant;far;move closer;다가감;먼;접근,3,-0.10113491117954254,-0.16351598780602217,-0.1737417514786218,-0.10594411147758365,-0.17515927499775197
61,Mon_May_15_22_22_44_2023,20103212,61,322,approach,far,,M,0,로봇이 대상에 접근하고 있습니다.,먼 거리에서 접근 중.,,"[62/250] 로봇이 대상에 접근하고 있습니다. 먼 거리에서 접근 중. (session=Mon_May_15_22_22_44_2023, cam=20103212)",approach;distant;far;move closer;다가감;먼;접근,3,-0.10076545178890228,-0.15315320156514645,-0.16288664936429725,-0.11156473215669394,-0.1701292283810916
62,Mon_May_15_22_22_44_2023,20103212,62,343,approach,far,,M,0,로봇이 대상에 접근하고 있습니다.,먼 거리에서 접근 중.,,"[63/250] 로봇이 대상에 접근하고 있습니다. 먼 거리에서 접근 중. (session=Mon_May_15_22_22_44_2023, cam=20103212)",approach;distant;far;move closer;다가감;먼;접근,3,-0.10078947246074677,-0.1459764465689659,-0.14908979254422455,-0.11118379328399897,-0.16310473873264295
63,Mon_May_15_22_22_44_2023,20103212,63,349,approach,far,,M,0,로봇이 대상에 접근하고 있습니다.,먼 거리에서 접근 중.,,"[64/250] 로봇이 대상에 접근하고 있습니다. 먼 거리에서 접근 중. (session=Mon_May_15_22_22_44_2023, cam=20103212)",approach;distant;far;move closer;다가감;먼;접근,3,-0.10097483545541763,-0.14116007648408413,-0.1442865569242252,-0.110465700738132,-0.15841250825108638
64,Mon_May_15_22_22_44_2023,20103212,64,328,approach,far,,M,0,로봇이 대상에 접근하고 있습니다.,먼 거리에서 접근 중.,,"[65/250] 로봇이 대상에 접근하고 있습니다. 먼 거리에서 접근 중. (session=Mon_May_15_22_22_44_2023, cam=20103212)",approach;distant;far;move closer;다가감;먼;접근,3,-0.10098545998334885,-0.1389522012323141,-0.14006926462888103,-0.10709137422963977,-0.15356538014799126
65,Mon_May_15_22_22_44_2023,20103212,65,360,approach,far,,M,0,로봇이 대상에 접근하고 있습니다.,먼 거리에서 접근 중.,,"[66/250] 로봇이 대상에 접근하고 있습니다. 먼 거리에서 접근 중. (session=Mon_May_15_22_22_44_2023, cam=20103212)",approach;distant;far;move closer;다가감;먼;접근,3,-0.10093050450086594,-0.13295317441225052,-0.13903639899857534,-0.10882009007036686,-0.15004649828064326
66,Mon_May_15_22_22_44_2023,20103212,66,311,approach,far,,M,0,로봇이 대상에 접근하고 있습니다.,먼 거리에서 접근 중.,,"[67/250] 로봇이 대상에 접근하고 있습니다. 먼 거리에서 접근 중. (session=Mon_May_15_22_22_44_2023, cam=20103212)",approach;distant;far;move closer;다가감;먼;접근,3,-0.1008756086230278,-0.13853755639865994,-0.13981230285885582,-0.10095919993545976,-0.14791389453084264
67,Mon_May_15_22_22_44_2023,20103212,67,360,approach,far,,M,0,로봇이 대상에 접근하고 있습니다.,먼 거리에서 접근 중.,,"[68/250] 로봇이 대상에 접근하고 있습니다. 먼 거리에서 접근 중. (session=Mon_May_15_22_22_44_2023, cam=20103212)",approach;distant;far;move closer;다가감;먼;접근,3,-0.1009206548333168,-0.13286650460213423,-0.1383193340909114,-0.10441411309875548,-0.1454219019789856
68,Mon_May_15_22_22_44_2023,20103212,68,343,approach,far,,M,0,로봇이 대상에 접근하고 있습니다.,먼 거리에서 접근 중.,,"[69/250] 로봇이 대상에 접근하고 있습니다. 먼 거리에서 접근 중. (session=Mon_May_15_22_22_44_2023, cam=20103212)",approach;distant;far;move closer;다가감;먼;접근,3,-0.1005387008190155,-0.1296936720609665,-0.13800598464458264,-0.10733594791963696,-0.14420152188110752
69,Mon_May_15_22_22_44_2023,20103212,69,307,approach,far,,M,0,로봇이 대상에 접근하고 있습니다.,먼 거리에서 접근 중.,,"[70/250] 로봇이 대상에 접근하고 있습니다. 먼 거리에서 접근 중. (session=Mon_May_15_22_22_44_2023, cam=20103212)",approach;distant;far;move closer;다가감;먼;접근,3,-0.10048997402191162,-0.13175392849370837,-0.13949848960080813,-0.1063095242716372,-0.1443114271396364
70,Mon_May_15_22_22_44_2023,20103212,70,521,approach,far,,M,0,로봇이 대상에 접근하고 있습니다.,먼 거리에서 접근 중.,,"[71/250] 로봇이 대상에 접근하고 있습니다. 먼 거리에서 접근 중. (session=Mon_May_15_22_22_44_2023, cam=20103212)",approach;distant;far;move closer;다가감;먼;접근,3,-0.10055331140756607,-0.13437092560343444,-0.14135174628700026,-0.10548142762854695,-0.145131882938017
71,Mon_May_15_22_22_44_2023,20103212,71,437,approach,far,,M,0,로봇이 대상에 접근하고 있습니다.,먼 거리에서 접근 중.,,"[72/250] 로봇이 대상에 접근하고 있습니다. 먼 거리에서 접근 중. (session=Mon_May_15_22_22_44_2023, cam=20103212)",approach;distant;far;move closer;다가감;먼;접근,3,-0.10068653523921967,-0.1373247280716896,-0.14374254800418196,-0.1047875345684588,-0.1463357663062929
72,Mon_May_15_22_22_44_2023,20103212,72,514,approach,far,,M,0,로봇이 대상에 접근하고 있습니다.,먼 거리에서 접근 중.,,"[73/250] 로봇이 대상에 접근하고 있습니다. 먼 거리에서 접근 중. (session=Mon_May_15_22_22_44_2023, cam=20103212)",approach;distant;far;move closer;다가감;먼;접근,3,-0.10103587061166763,-0.13378819124773145,-0.1478704659964315,-0.11185498535633087,-0.14850763599670203
73,Mon_May_15_22_22_44_2023,20103212,73,422,approach,far,,M,0,로봇이 대상에 접근하고 있습니다.,먼 거리에서 접근 중.,,"[74/250] 로봇이 대상에 접근하고 있습니다. 먼 거리에서 접근 중. (session=Mon_May_15_22_22_44_2023, cam=20103212)",approach;distant;far;move closer;다가감;먼;접근,3,-0.10153314471244812,-0.13679941301234066,-0.1506640511662617,-0.11187801789492369,-0.15045500725175642
74,Mon_May_15_22_22_44_2023,20103212,74,305,approach,far,,M,0,로봇이 대상에 접근하고 있습니다.,먼 거리에서 접근 중.,,"[75/250] 로봇이 대상에 접근하고 있습니다. 먼 거리에서 접근 중. (session=Mon_May_15_22_22_44_2023, cam=20103212)",approach;distant;far;move closer;다가감;먼;접근,3,-0.10362058132886887,-0.1375293961027637,-0.15425346797777362,-0.1144576407968998,-0.1529173478710396
75,Mon_May_15_22_22_44_2023,20103212,75,304,approach,far,,M,0,로봇이 대상에 접근하고 있습니다.,먼 거리에서 접근 중.,,"[76/250] 로봇이 대상에 접근하고 있습니다. 먼 거리에서 접근 중. (session=Mon_May_15_22_22_44_2023, cam=20103212)",approach;distant;far;move closer;다가감;먼;접근,3,-0.10620901733636856,-0.1409911043010652,-0.15465336395199092,-0.11197861330583692,-0.15443157536124807
76,Mon_May_15_22_22_44_2023,20103212,76,769,approach,far,,M,0,로봇이 대상에 접근하고 있습니다.,먼 거리에서 접근 중.,,"[77/250] 로봇이 대상에 접근하고 있습니다. 먼 거리에서 접근 중. (session=Mon_May_15_22_22_44_2023, cam=20103212)",approach;distant;far;move closer;다가감;먼;접근,3,-0.10910681635141373,-0.14285708800889552,-0.1566302471079697,-0.11200805474072695,-0.1565063872455906
77,Mon_May_15_22_22_44_2023,20103212,77,446,approach,far,,M,0,로봇이 대상에 접근하고 있습니다.,먼 거리에서 접근 중.,,"[78/250] 로봇이 대상에 접근하고 있습니다. 먼 거리에서 접근 중. (session=Mon_May_15_22_22_44_2023, cam=20103212)",approach;distant;far;move closer;다가감;먼;접근,3,-0.1110740676522255,-0.14520347770303488,-0.16533225265329643,-0.11532116588205099,-0.16092692869598257
78,Mon_May_15_22_22_44_2023,20103212,78,384,approach,far,,M,0,로봇이 대상에 접근하고 있습니다.,먼 거리에서 접근 중.,,"[79/250] 로봇이 대상에 접근하고 있습니다. 먼 거리에서 접근 중. (session=Mon_May_15_22_22_44_2023, cam=20103212)",approach;distant;far;move closer;다가감;먼;접근,3,-0.1119854599237442,-0.14888675790280104,-0.16636751328219612,-0.11250797609682195,-0.16266105225052552
79,Mon_May_15_22_22_44_2023,20103212,79,370,approach,far,,M,0,로봇이 대상에 접근하고 있습니다.,먼 거리에서 접근 중.,,"[80/250] 로봇이 대상에 접근하고 있습니다. 먼 거리에서 접근 중. (session=Mon_May_15_22_22_44_2023, cam=20103212)",approach;distant;far;move closer;다가감;먼;접근,3,-0.11281769722700119,-0.14972522715106606,-0.1678874384983271,-0.1128744411689695,-0.1643745020636875
80,Mon_May_15_22_22_44_2023,20103212,80,375,approach,far,,M,0,로봇이 대상에 접근하고 있습니다.,먼 거리에서 접근 중.,,"[81/250] 로봇이 대상에 접근하고 있습니다. 먼 거리에서 접근 중. (session=Mon_May_15_22_22_44_2023, cam=20103212)",approach;distant;far;move closer;다가감;먼;접근,3,-0.11325062066316605,-0.1546968575567007,-0.16772923044038424,-0.10778795834630728,-0.1651502444284879
81,Mon_May_15_22_22_44_2023,20103212,81,343,approach,far,,M,0,로봇이 대상에 접근하고 있습니다.,먼 거리에서 접근 중.,,"[82/250] 로봇이 대상에 접근하고 있습니다. 먼 거리에서 접근 중. (session=Mon_May_15_22_22_44_2023, cam=20103212)",approach;distant;far;move closer;다가감;먼;접근,3,-0.11330173909664154,-0.1598911825567484,-0.17289816560936866,-0.10582461161538959,-0.1678273592985902
82,Mon_May_15_22_22_44_2023,20103212,82,376,approach,far,,M,0,로봇이 대상에 접근하고 있습니다.,먼 거리에서 접근 중.,,"[83/250] 로봇이 대상에 접근하고 있습니다. 먼 거리에서 접근 중. (session=Mon_May_15_22_22_44_2023, cam=20103212)",approach;distant;far;move closer;다가감;먼;접근,3,-0.11327995359897614,-0.1612713197246194,-0.16978285125940806,-0.1025109039619565,-0.16735378433782522
83,Mon_May_15_22_22_44_2023,20103212,83,360,approach,far,,M,0,로봇이 대상에 접근하고 있습니다.,먼 거리에서 접근 중.,,"[84/250] 로봇이 대상에 접근하고 있습니다. 먼 거리에서 접근 중. (session=Mon_May_15_22_22_44_2023, cam=20103212)",approach;distant;far;move closer;다가감;먼;접근,3,-0.11312428116798401,-0.1598841780796647,-0.16449663384030833,-0.1002970039844513,-0.16587911860373084
84,Mon_May_15_22_22_44_2023,20103212,84,418,approach,far,,M,0,로봇이 대상에 접근하고 있습니다.,먼 거리에서 접근 중.,,"[85/250] 로봇이 대상에 접근하고 있습니다. 먼 거리에서 접근 중. (session=Mon_May_15_22_22_44_2023, cam=20103212)",approach;distant;far;move closer;다가감;먼;접근,3,-0.11278606206178665,-0.159126752987504,-0.16272178859144587,-0.09900829382240772,-0.16506824668731593
85,Mon_May_15_22_22_44_2023,20103212,85,532,approach,far,,M,0,로봇이 대상에 접근하고 있습니다.,먼 거리에서 접근 중.,,"[86/250] 로봇이 대상에 접근하고 있습니다. 먼 거리에서 접근 중. (session=Mon_May_15_22_22_44_2023, cam=20103212)",approach;distant;far;move closer;다가감;먼;접근,3,-0.11196183413267136,-0.1571896905079484,-0.16115603650224347,-0.0984735656529665,-0.16402616092790714
86,Mon_May_15_22_22_44_2023,20103212,86,375,approach,mid,,M,0,로봇이 대상에 접근하고 있습니다.,중간 거리 접근.,,"[87/250] 로봇이 대상에 접근하고 있습니다. 중간 거리 접근. (session=Mon_May_15_22_22_44_2023, cam=20103212)",approach;medium;mid;move closer;다가감;접근;중간,3,-0.1106993556022644,-0.16148316580802202,-0.15761487539229402,-0.08950998447835445,-0.16187317615605
87,Mon_May_15_22_22_44_2023,20103212,87,435,approach,mid,,M,0,로봇이 대상에 접근하고 있습니다.,중간 거리 접근.,,"[88/250] 로봇이 대상에 접근하고 있습니다. 중간 거리 접근. (session=Mon_May_15_22_22_44_2023, cam=20103212)",approach;medium;mid;move closer;다가감;접근;중간,3,-0.10863406956195831,-0.1594063276425004,-0.15666593946754198,-0.08801108039915562,-0.16002126536421202
88,Mon_May_15_22_22_44_2023,20103212,88,259,approach,mid,,M,0,로봇이 대상에 접근하고 있습니다.,중간 거리 접근.,,"[89/250] 로봇이 대상에 접근하고 있습니다. 중간 거리 접근. (session=Mon_May_15_22_22_44_2023, cam=20103212)",approach;medium;mid;move closer;다가감;접근;중간,3,-0.10494823008775711,-0.15462223952636123,-0.15169494606809852,-0.08671879675239325,-0.15646341352819293
89,Mon_May_15_22_22_44_2023,20103212,89,311,approach,mid,,M,0,로봇이 대상에 접근하고 있습니다.,중간 거리 접근.,,"[90/250] 로봇이 대상에 접근하고 있습니다. 중간 거리 접근. (session=Mon_May_15_22_22_44_2023, cam=20103212)",approach;medium;mid;move closer;다가감;접근;중간,3,-0.10074157267808914,-0.15199271915480494,-0.148297186066924,-0.08434305619448423,-0.15370748205863627
90,Mon_May_15_22_22_44_2023,20103212,90,205,approach,mid,,M,0,로봇이 대상에 접근하고 있습니다.,중간 거리 접근.,,"[91/250] 로봇이 대상에 접근하고 있습니다. 중간 거리 접근. (session=Mon_May_15_22_22_44_2023, cam=20103212)",approach;medium;mid;move closer;다가감;접근;중간,3,-0.09695260971784592,-0.1495679075596854,-0.1477868459295903,-0.08324966579675674,-0.15171321860222794
91,Mon_May_15_22_22_44_2023,20103212,91,227,approach,mid,,M,0,로봇이 대상에 접근하고 있습니다.,중간 거리 접근.,,"[92/250] 로봇이 대상에 접근하고 있습니다. 중간 거리 접근. (session=Mon_May_15_22_22_44_2023, cam=20103212)",approach;medium;mid;move closer;다가감;접근;중간,3,-0.09342361241579056,-0.1457819410134107,-0.14887535314824846,-0.08411604724824429,-0.150223380852739
92,Mon_May_15_22_22_44_2023,20103212,92,533,approach,mid,,M,0,로봇이 대상에 접근하고 있습니다.,중간 거리 접근.,,"[93/250] 로봇이 대상에 접근하고 있습니다. 중간 거리 접근. (session=Mon_May_15_22_22_44_2023, cam=20103212)",approach;medium;mid;move closer;다가감;접근;중간,3,-0.08889419585466385,-0.14368852018378675,-0.15208690193390717,-0.0859289325599093,-0.1502389286722834
93,Mon_May_15_22_22_44_2023,20103212,93,346,approach,mid,,M,0,로봇이 대상에 접근하고 있습니다.,중간 거리 접근.,,"[94/250] 로봇이 대상에 접근하고 있습니다. 중간 거리 접근. (session=Mon_May_15_22_22_44_2023, cam=20103212)",approach;medium;mid;move closer;다가감;접근;중간,3,-0.08620838820934296,-0.1335895787924528,-0.1529344089806154,-0.09776486735790968,-0.1498651604346959
94,Mon_May_15_22_22_44_2023,20103212,94,258,approach,mid,,M,0,로봇이 대상에 접근하고 있습니다.,중간 거리 접근.,,"[95/250] 로봇이 대상에 접근하고 있습니다. 중간 거리 접근. (session=Mon_May_15_22_22_44_2023, cam=20103212)",approach;medium;mid;move closer;다가감;접근;중간,3,-0.08568038791418076,-0.14965339424088597,-0.14879289269447327,-0.07993547944352031,-0.14807739853858948
95,Mon_May_15_22_22_44_2023,20103212,95,227,approach,mid,,M,0,로봇이 대상에 접근하고 있습니다.,중간 거리 접근.,,"[96/250] 로봇이 대상에 접근하고 있습니다. 중간 거리 접근. (session=Mon_May_15_22_22_44_2023, cam=20103212)",approach;medium;mid;move closer;다가감;접근;중간,3,-0.08636258542537689,-0.14929017517715693,-0.14879289269447327,-0.07936322595924139,-0.14747262001037598
96,Mon_May_15_22_22_44_2023,20103212,96,428,approach,mid,,M,0,로봇이 대상에 접근하고 있습니다.,중간 거리 접근.,,"[97/250] 로봇이 대상에 접근하고 있습니다. 중간 거리 접근. (session=Mon_May_15_22_22_44_2023, cam=20103212)",approach;medium;mid;move closer;다가감;접근;중간,3,-0.08574073016643524,-0.1495604165829718,-0.14879289269447327,-0.07916459487751126,-0.1474001407623291
97,Mon_May_15_22_22_44_2023,20103212,97,970,approach,near,,M,0,로봇이 대상에 접근하고 있습니다.,근접 접근.,,"[98/250] 로봇이 대상에 접근하고 있습니다. 근접 접근. (session=Mon_May_15_22_22_44_2023, cam=20103212)",approach;close;move closer;near;근접;다가감;접근,3,-0.08551172912120819,-0.1500784009695053,-0.14879289269447327,-0.07921957643702626,-0.14772847294807434
98,Mon_May_15_22_22_44_2023,20103212,98,285,approach,near,,M,0,로봇이 대상에 접근하고 있습니다.,근접 접근.,,"[99/250] 로봇이 대상에 접근하고 있습니다. 근접 접근. (session=Mon_May_15_22_22_44_2023, cam=20103212)",approach;close;move closer;near;근접;다가감;접근,3,-0.08552750200033188,-0.15052955318242311,-0.14879289269447327,-0.07925888197496533,-0.14804551005363464
99,Mon_May_15_22_22_44_2023,20103212,99,314,approach,near,,M,0,로봇이 대상에 접근하고 있습니다.,근접 접근.,,"[100/250] 로봇이 대상에 접근하고 있습니다. 근접 접근. (session=Mon_May_15_22_22_44_2023, cam=20103212)",approach;close;move closer;near;근접;다가감;접근,3,-0.08552829176187515,-0.15067273611202836,-0.14879289269447327,-0.07926959544420242,-0.14814461767673492
100,Mon_May_15_22_22_44_2023,20103212,100,266,approach,near,,M,0,로봇이 대상에 접근하고 있습니다.,근접 접근.,,"[101/250] 로봇이 대상에 접근하고 있습니다. 근접 접근. (session=Mon_May_15_22_22_44_2023, cam=20103212)",approach;close;move closer;near;근접;다가감;접근,3,-0.0855255052447319,-0.15066308248788118,-0.14879289269447327,-0.07925997627899051,-0.14813238382339478
101,Mon_May_15_22_22_44_2023,20103212,101,277,approach,near,,M,0,로봇이 대상에 접근하고 있습니다.,근접 접근.,,"[102/250] 로봇이 대상에 접근하고 있습니다. 근접 접근. (session=Mon_May_15_22_22_44_2023, cam=20103212)",approach;close;move closer;near;근접;다가감;접근,3,-0.08551627397537231,-0.15065775578841567,-0.14879289269447327,-0.07925741281360388,-0.1481279730796814
102,Mon_May_15_22_22_44_2023,20103212,102,240,approach,near,,M,0,로봇이 대상에 접근하고 있습니다.,근접 접근.,,"[103/250] 로봇이 대상에 접근하고 있습니다. 근접 접근. (session=Mon_May_15_22_22_44_2023, cam=20103212)",approach;close;move closer;near;근접;다가감;접근,3,-0.08551619201898575,-0.1506724888458848,-0.14879289269447327,-0.07925550080835819,-0.14813554286956787
103,Mon_May_15_22_22_44_2023,20103212,103,320,approach,near,,M,0,로봇이 대상에 접근하고 있습니다.,근접 접근.,,"[104/250] 로봇이 대상에 접근하고 있습니다. 근접 접근. (session=Mon_May_15_22_22_44_2023, cam=20103212)",approach;close;move closer;near;근접;다가감;접근,3,-0.08551866561174393,-0.15068042511120439,-0.14879289269447327,-0.0792623981833458,-0.14814560115337372
104,Mon_May_15_22_22_44_2023,20103212,104,436,approach,near,,M,0,로봇이 대상에 접근하고 있습니다.,근접 접근.,,"[105/250] 로봇이 대상에 접근하고 있습니다. 근접 접근. (session=Mon_May_15_22_22_44_2023, cam=20103212)",approach;close;move closer;near;근접;다가감;접근,3,-0.08551620692014694,-0.15068023186177015,-0.1481391042470932,-0.07925283117219806,-0.148140087723732
105,Mon_May_15_22_22_44_2023,20103212,105,298,approach,near,,M,0,로봇이 대상에 접근하고 있습니다.,근접 접근.,,"[106/250] 로봇이 대상에 접근하고 있습니다. 근접 접근. (session=Mon_May_15_22_22_44_2023, cam=20103212)",approach;close;move closer;near;근접;다가감;접근,3,-0.08551578223705292,-0.15244647208601236,-0.14516705323983298,-0.07543808501213789,-0.14702635835755268
106,Mon_May_15_22_22_44_2023,20103212,106,251,approach,near,,M,0,로봇이 대상에 접근하고 있습니다.,근접 접근.,,"[107/250] 로봇이 대상에 접근하고 있습니다. 근접 접근. (session=Mon_May_15_22_22_44_2023, cam=20103212)",approach;close;move closer;near;근접;다가감;접근,3,-0.08552107214927673,-0.1485293060541153,-0.14238890813475946,-0.07767641823738813,-0.14564802798139342
107,Mon_May_15_22_22_44_2023,20103212,107,296,approach,near,,M,0,로봇이 대상에 접근하고 있습니다.,근접 접근.,,"[108/250] 로봇이 대상에 접근하고 있습니다. 근접 접근. (session=Mon_May_15_22_22_44_2023, cam=20103212)",approach;close;move closer;near;근접;다가감;접근,3,-0.08502859622240067,-0.14851637976244092,-0.1433910305242126,-0.07724476605653763,-0.14545769896136168
108,Mon_May_15_22_22_44_2023,20103212,108,409,approach,near,,M,0,로봇이 대상에 접근하고 있습니다.,근접 접근.,,"[109/250] 로봇이 대상에 접근하고 있습니다. 근접 접근. (session=Mon_May_15_22_22_44_2023, cam=20103212)",approach;close;move closer;near;근접;다가감;접근,3,-0.08413286507129669,-0.1488891812041402,-0.14483625932834981,-0.07680050889030099,-0.1454880675088705
109,Mon_May_15_22_22_44_2023,20103212,109,693,approach,near,,M,0,로봇이 대상에 접근하고 있습니다.,근접 접근.,,"[110/250] 로봇이 대상에 접근하고 있습니다. 근접 접근. (session=Mon_May_15_22_22_44_2023, cam=20103212)",approach;close;move closer;near;근접;다가감;접근,3,-0.08309230953454971,-0.14985622186213732,-0.14760995157509677,-0.07670698501169682,-0.14615675713103127
110,Mon_May_15_22_22_44_2023,20103212,110,1169,approach,near,,M,0,로봇이 대상에 접근하고 있습니다.,근접 접근.,,"[111/250] 로봇이 대상에 접근하고 있습니다. 근접 접근. (session=Mon_May_15_22_22_44_2023, cam=20103212)",approach;close;move closer;near;근접;다가감;접근,3,-0.0823087990283966,-0.1540044080466032,-0.14902645688651522,-0.07252247724682093,-0.14655542128309057
111,Mon_May_15_22_22_44_2023,20103212,111,823,approach,near,,M,0,로봇이 대상에 접근하고 있습니다.,근접 접근.,,"[112/250] 로봇이 대상에 접근하고 있습니다. 근접 접근. (session=Mon_May_15_22_22_44_2023, cam=20103212)",approach;close;move closer;near;근접;다가감;접근,3,-0.0819399282336235,-0.15842260420322418,-0.15224743843110855,-0.0694713881239295,-0.14782347328972986
112,Mon_May_15_22_22_44_2023,20103212,112,680,approach,near,,M,0,로봇이 대상에 접근하고 있습니다.,근접 접근.,,"[113/250] 로봇이 대상에 접근하고 있습니다. 근접 접근. (session=Mon_May_15_22_22_44_2023, cam=20103212)",approach;close;move closer;near;근접;다가감;접근,3,-0.08164411783218384,-0.15751934424042702,-0.15479855903117518,-0.07194443512707949,-0.1489551539276863
113,Mon_May_15_22_22_44_2023,20103212,113,2230,approach,near,,M,0,로봇이 대상에 접근하고 있습니다.,근접 접근.,,"[114/250] 로봇이 대상에 접근하고 있습니다. 근접 접근. (session=Mon_May_15_22_22_44_2023, cam=20103212)",approach;close;move closer;near;근접;다가감;접근,3,-0.08102772384881973,-0.16093339771032333,-0.15580546240841192,-0.06931051146239042,-0.14976504586948022
114,Mon_May_15_22_22_44_2023,20103212,114,251,approach,near,,M,0,로봇이 대상에 접근하고 있습니다.,근접 접근.,,"[115/250] 로봇이 대상에 접근하고 있습니다. 근접 접근. (session=Mon_May_15_22_22_44_2023, cam=20103212)",approach;close;move closer;near;근접;다가감;접근,3,-0.08086838573217392,-0.16261637024581432,-0.15740977022499908,-0.06905000191181898,-0.15073886623029065
115,Mon_May_15_22_22_44_2023,20103212,115,335,approach,near,,M,0,로봇이 대상에 접근하고 있습니다.,근접 접근.,,"[116/250] 로봇이 대상에 접근하고 있습니다. 근접 접근. (session=Mon_May_15_22_22_44_2023, cam=20103212)",approach;close;move closer;near;근접;다가감;접근,3,-0.08072758466005325,-0.1625712839886546,-0.15827083752565174,-0.07034947443753481,-0.1515096748844258
116,Mon_May_15_22_22_44_2023,20103212,116,201,approach,near,,M,0,로봇이 대상에 접근하고 있습니다.,근접 접근.,,"[117/250] 로봇이 대상에 접근하고 있습니다. 근접 접근. (session=Mon_May_15_22_22_44_2023, cam=20103212)",approach;close;move closer;near;근접;다가감;접근,3,-0.08057046681642532,-0.1632961193099618,-0.15907235352521093,-0.07129295356571674,-0.15241906944038328
117,Mon_May_15_22_22_44_2023,20103212,117,388,approach,near,,M,0,로봇이 대상에 접근하고 있습니다.,근접 접근.,,"[118/250] 로봇이 대상에 접근하고 있습니다. 근접 접근. (session=Mon_May_15_22_22_44_2023, cam=20103212)",approach;close;move closer;near;근접;다가감;접근,3,-0.08054900914430618,-0.16460290178656578,-0.15997954760104205,-0.07095812540501356,-0.15320448970090517
118,Mon_May_15_22_22_44_2023,20103212,118,280,approach,near,,M,0,로봇이 대상에 접근하고 있습니다.,근접 접근.,,"[119/250] 로봇이 대상에 접근하고 있습니다. 근접 접근. (session=Mon_May_15_22_22_44_2023, cam=20103212)",approach;close;move closer;near;근접;다가감;접근,3,-0.08054772764444351,-0.16733858734369278,-0.16019263482768947,-0.06804564129561186,-0.15371739721551395
119,Mon_May_15_22_22_44_2023,20103212,119,203,approach,near,,M,0,로봇이 대상에 접근하고 있습니다.,근접 접근.,,"[120/250] 로봇이 대상에 접근하고 있습니다. 근접 접근. (session=Mon_May_15_22_22_44_2023, cam=20103212)",approach;close;move closer;near;근접;다가감;접근,3,-0.08055301755666733,-0.1692052148282528,-0.15973663831970025,-0.06590713374316692,-0.15401605332352566
120,Mon_May_15_22_22_44_2023,20103212,120,266,approach,near,,M,0,로봇이 대상에 접근하고 있습니다.,근접 접근.,,"[121/250] 로봇이 대상에 접근하고 있습니다. 근접 접근. (session=Mon_May_15_22_22_44_2023, cam=20103212)",approach;close;move closer;near;근접;다가감;접근,3,-0.08048711717128754,-0.17054998315870762,-0.15857176895547193,-0.06396307423710823,-0.15399280904087528
121,Mon_May_15_22_22_44_2023,20103212,121,1785,grasp,pre-shape,,M,0,로봇 그리퍼가 대상을 파지하고 있습니다.,그리퍼 프리셰이프.,,"[122/250] 로봇 그리퍼가 대상을 파지하고 있습니다. 그리퍼 프리셰이프. (session=Mon_May_15_22_22_44_2023, cam=20103212)",grasp;grip;pre-shape;preset;잡기;파지;프리셰이프,1,-0.07987768948078156,-0.17190113477408886,-0.15749340694377995,-0.06127423606812954,-0.1537011934117607
122,Mon_May_15_22_22_44_2023,20103212,122,298,grasp,pre-shape,,M,0,로봇 그리퍼가 대상을 파지하고 있습니다.,그리퍼 프리셰이프.,,"[123/250] 로봇 그리퍼가 대상을 파지하고 있습니다. 그리퍼 프리셰이프. (session=Mon_May_15_22_22_44_2023, cam=20103212)",grasp;grip;pre-shape;preset;잡기;파지;프리셰이프,1,-0.07809914648532867,-0.17136294394731522,-0.15690194198007062,-0.06072561256587505,-0.15325082327617212
123,Mon_May_15_22_22_44_2023,20103212,123,298,grasp,pre-shape,,M,0,로봇 그리퍼가 대상을 파지하고 있습니다.,그리퍼 프리셰이프.,,"[124/250] 로봇 그리퍼가 대상을 파지하고 있습니다. 그리퍼 프리셰이프. (session=Mon_May_15_22_22_44_2023, cam=20103212)",grasp;grip;pre-shape;preset;잡기;파지;프리셰이프,1,-0.07529804855585098,-0.16962576936930418,-0.15614128828114554,-0.061611682176589966,-0.15274980746234315
124,Mon_May_15_22_22_44_2023,20103212,124,413,grasp,pre-shape,,M,0,로봇 그리퍼가 대상을 파지하고 있습니다.,그리퍼 프리셰이프.,,"[125/250] 로봇 그리퍼가 대상을 파지하고 있습니다. 그리퍼 프리셰이프. (session=Mon_May_15_22_22_44_2023, cam=20103212)",grasp;grip;pre-shape;preset;잡기;파지;프리셰이프,1,-0.07325432449579239,-0.16915723029524088,-0.1558854494412738,-0.06150834169238806,-0.15247897296845905
125,Mon_May_15_22_22_44_2023,20103212,125,390,grasp,pre-shape,,M,0,로봇 그리퍼가 대상을 파지하고 있습니다.,그리퍼 프리셰이프.,,"[126/250] 로봇 그리퍼가 대상을 파지하고 있습니다. 그리퍼 프리셰이프. (session=Mon_May_15_22_22_44_2023, cam=20103212)",grasp;grip;pre-shape;preset;잡기;파지;프리셰이프,1,-0.0723329484462738,-0.1684561613947153,-0.1559744505551574,-0.06182030215859413,-0.15220323497306992
126,Mon_May_15_22_22_44_2023,20103212,126,435,grasp,pre-shape,,M,0,로봇 그리퍼가 대상을 파지하고 있습니다.,그리퍼 프리셰이프.,,"[127/250] 로봇 그리퍼가 대상을 파지하고 있습니다. 그리퍼 프리셰이프. (session=Mon_May_15_22_22_44_2023, cam=20103212)",grasp;grip;pre-shape;preset;잡기;파지;프리셰이프,1,-0.07154247164726257,-0.16755090095102787,-0.15618712040036148,-0.06258984748274088,-0.15201967333350042
127,Mon_May_15_22_22_44_2023,20103212,127,388,grasp,pre-shape,,M,0,로봇 그리퍼가 대상을 파지하고 있습니다.,그리퍼 프리셰이프.,,"[128/250] 로봇 그리퍼가 대상을 파지하고 있습니다. 그리퍼 프리셰이프. (session=Mon_May_15_22_22_44_2023, cam=20103212)",grasp;grip;pre-shape;preset;잡기;파지;프리셰이프,1,-0.07083940505981445,-0.16704408545047045,-0.15654300188975367,-0.06326120439916849,-0.15207951901837002
128,Mon_May_15_22_22_44_2023,20103212,128,385,grasp,pre-shape,,M,0,로봇 그리퍼가 대상을 파지하고 있습니다.,그리퍼 프리셰이프.,,"[129/250] 로봇 그리퍼가 대상을 파지하고 있습니다. 그리퍼 프리셰이프. (session=Mon_May_15_22_22_44_2023, cam=20103212)",grasp;grip;pre-shape;preset;잡기;파지;프리셰이프,1,-0.07046730816364288,-0.16638294141739607,-0.15720468617796307,-0.06446665665134788,-0.15241899474456685
129,Mon_May_15_22_22_44_2023,20103212,129,469,grasp,pre-shape,,M,0,로봇 그리퍼가 대상을 파지하고 있습니다.,그리퍼 프리셰이프.,,"[130/250] 로봇 그리퍼가 대상을 파지하고 있습니다. 그리퍼 프리셰이프. (session=Mon_May_15_22_22_44_2023, cam=20103212)",grasp;grip;pre-shape;preset;잡기;파지;프리셰이프,1,-0.07040496915578842,-0.1636440046131611,-0.15818633960055167,-0.0679665063507855,-0.1528242428837972
130,Mon_May_15_22_22_44_2023,20103212,130,452,grasp,pre-shape,,M,0,로봇 그리퍼가 대상을 파지하고 있습니다.,그리퍼 프리셰이프.,,"[131/250] 로봇 그리퍼가 대상을 파지하고 있습니다. 그리퍼 프리셰이프. (session=Mon_May_15_22_22_44_2023, cam=20103212)",grasp;grip;pre-shape;preset;잡기;파지;프리셰이프,1,-0.07039472460746765,-0.1632980010472238,-0.15903949128211398,-0.06884850584901869,-0.15329403387986443
131,Mon_May_15_22_22_44_2023,20103212,131,395,grasp,pre-shape,,M,0,로봇 그리퍼가 대상을 파지하고 있습니다.,그리퍼 프리셰이프.,,"[132/250] 로봇 그리퍼가 대상을 파지하고 있습니다. 그리퍼 프리셰이프. (session=Mon_May_15_22_22_44_2023, cam=20103212)",grasp;grip;pre-shape;preset;잡기;파지;프리셰이프,1,-0.07043608278036118,-0.16248492058366537,-0.1597864258769945,-0.07020831108093262,-0.15384765447988344
132,Mon_May_15_22_22_44_2023,20103212,132,405,grasp,pre-shape,,M,0,로봇 그리퍼가 대상을 파지하고 있습니다.,그리퍼 프리셰이프.,,"[133/250] 로봇 그리퍼가 대상을 파지하고 있습니다. 그리퍼 프리셰이프. (session=Mon_May_15_22_22_44_2023, cam=20103212)",grasp;grip;pre-shape;preset;잡기;파지;프리셰이프,1,-0.0705050677061081,-0.16205122787505388,-0.15999812611676206,-0.0709905709081795,-0.15426824513352272
133,Mon_May_15_22_22_44_2023,20103212,133,440,grasp,pre-shape,,M,0,로봇 그리퍼가 대상을 파지하고 있습니다.,그리퍼 프리셰이프.,,"[134/250] 로봇 그리퍼가 대상을 파지하고 있습니다. 그리퍼 프리셰이프. (session=Mon_May_15_22_22_44_2023, cam=20103212)",grasp;grip;pre-shape;preset;잡기;파지;프리셰이프,1,-0.07066484540700912,-0.16054027318023145,-0.15963463227026858,-0.07266800908837467,-0.1544739147278413
134,Mon_May_15_22_22_44_2023,20103212,134,376,grasp,pre-shape,,M,0,로봇 그리퍼가 대상을 파지하고 있습니다.,그리퍼 프리셰이프.,,"[135/250] 로봇 그리퍼가 대상을 파지하고 있습니다. 그리퍼 프리셰이프. (session=Mon_May_15_22_22_44_2023, cam=20103212)",grasp;grip;pre-shape;preset;잡기;파지;프리셰이프,1,-0.0709383487701416,-0.16039605159312487,-0.15897972110909497,-0.07277075864840299,-0.1545821473896588
135,Mon_May_15_22_22_44_2023,20103212,135,314,grasp,pre-shape,,M,0,로봇 그리퍼가 대상을 파지하고 있습니다.,그리퍼 프리셰이프.,,"[136/250] 로봇 그리퍼가 대상을 파지하고 있습니다. 그리퍼 프리셰이프. (session=Mon_May_15_22_22_44_2023, cam=20103212)",grasp;grip;pre-shape;preset;잡기;파지;프리셰이프,1,-0.07127655297517776,-0.1592678852903191,-0.15819653737303935,-0.07382577005773783,-0.1546025904557009
136,Mon_May_15_22_22_44_2023,20103212,136,408,grasp,pre-shape,,M,0,로봇 그리퍼가 대상을 파지하고 있습니다.,그리퍼 프리셰이프.,,"[137/250] 로봇 그리퍼가 대상을 파지하고 있습니다. 그리퍼 프리셰이프. (session=Mon_May_15_22_22_44_2023, cam=20103212)",grasp;grip;pre-shape;preset;잡기;파지;프리셰이프,1,-0.07152722030878067,-0.15828254638472572,-0.1576180162730792,-0.07478535291738808,-0.15458884286519062
137,Mon_May_15_22_22_44_2023,20103212,137,362,grasp,pre-shape,,M,0,로봇 그리퍼가 대상을 파지하고 있습니다.,그리퍼 프리셰이프.,,"[138/250] 로봇 그리퍼가 대상을 파지하고 있습니다. 그리퍼 프리셰이프. (session=Mon_May_15_22_22_44_2023, cam=20103212)",grasp;grip;pre-shape;preset;잡기;파지;프리셰이프,1,-0.07176404446363449,-0.1578219715738669,-0.15681759573893034,-0.07488728896714747,-0.1543679910074036
138,Mon_May_15_22_22_44_2023,20103212,138,426,grasp,pre-shape,,M,0,로봇 그리퍼가 대상을 파지하고 있습니다.,그리퍼 프리셰이프.,,"[139/250] 로봇 그리퍼가 대상을 파지하고 있습니다. 그리퍼 프리셰이프. (session=Mon_May_15_22_22_44_2023, cam=20103212)",grasp;grip;pre-shape;preset;잡기;파지;프리셰이프,1,-0.0718490406870842,-0.15641866507939994,-0.15579806828507292,-0.07588980626314878,-0.15399260656538794
139,Mon_May_15_22_22_44_2023,20103212,139,358,grasp,pre-shape,,M,0,로봇 그리퍼가 대상을 파지하고 있습니다.,그리퍼 프리셰이프.,,"[140/250] 로봇 그리퍼가 대상을 파지하고 있습니다. 그리퍼 프리셰이프. (session=Mon_May_15_22_22_44_2023, cam=20103212)",grasp;grip;pre-shape;preset;잡기;파지;프리셰이프,1,-0.07185732573270798,-0.15406475914642215,-0.15503316418007923,-0.07828203309327364,-0.15373394562183287
140,Mon_May_15_22_22_44_2023,20103212,140,727,grasp,pre-shape,,M,0,로봇 그리퍼가 대상을 파지하고 있습니다.,그리퍼 프리셰이프.,,"[141/250] 로봇 그리퍼가 대상을 파지하고 있습니다. 그리퍼 프리셰이프. (session=Mon_May_15_22_22_44_2023, cam=20103212)",grasp;grip;pre-shape;preset;잡기;파지;프리셰이프,1,-0.0719183161854744,-0.15290074655786157,-0.15402205509302264,-0.07902304548770189,-0.1533174653439121
141,Mon_May_15_22_22_44_2023,20103212,141,375,grasp,pre-shape,,M,0,로봇 그리퍼가 대상을 파지하고 있습니다.,그리퍼 프리셰이프.,,"[142/250] 로봇 그리퍼가 대상을 파지하고 있습니다. 그리퍼 프리셰이프. (session=Mon_May_15_22_22_44_2023, cam=20103212)",grasp;grip;pre-shape;preset;잡기;파지;프리셰이프,1,-0.07215004414319992,-0.15119604067876935,-0.1530908048241172,-0.08038571383804083,-0.15288044698867326
142,Mon_May_15_22_22_44_2023,20103212,142,346,grasp,pre-shape,,M,0,로봇 그리퍼가 대상을 파지하고 있습니다.,그리퍼 프리셰이프.,,"[143/250] 로봇 그리퍼가 대상을 파지하고 있습니다. 그리퍼 프리셰이프. (session=Mon_May_15_22_22_44_2023, cam=20103212)",grasp;grip;pre-shape;preset;잡기;파지;프리셰이프,1,-0.07227974385023117,-0.15002207225188613,-0.15208824542065125,-0.08128522522747517,-0.15242708871848754
143,Mon_May_15_22_22_44_2023,20103212,143,325,grasp,pre-shape,,M,0,로봇 그리퍼가 대상을 파지하고 있습니다.,그리퍼 프리셰이프.,,"[144/250] 로봇 그리퍼가 대상을 파지하고 있습니다. 그리퍼 프리셰이프. (session=Mon_May_15_22_22_44_2023, cam=20103212)",grasp;grip;pre-shape;preset;잡기;파지;프리셰이프,1,-0.072394959628582,-0.1503209937363863,-0.15192974174240187,-0.08089531864970922,-0.1523054486670306
144,Mon_May_15_22_22_44_2023,20103212,144,326,grasp,pre-shape,,M,0,로봇 그리퍼가 대상을 파지하고 있습니다.,그리퍼 프리셰이프.,,"[145/250] 로봇 그리퍼가 대상을 파지하고 있습니다. 그리퍼 프리셰이프. (session=Mon_May_15_22_22_44_2023, cam=20103212)",grasp;grip;pre-shape;preset;잡기;파지;프리셰이프,1,-0.07251004874706268,-0.1499822954647243,-0.15222838551017287,-0.08115893043577671,-0.15238817047406972
145,Mon_May_15_22_22_44_2023,20103212,145,309,grasp,pre-shape,,M,0,로봇 그리퍼가 대상을 파지하고 있습니다.,그리퍼 프리셰이프.,,"[146/250] 로봇 그리퍼가 대상을 파지하고 있습니다. 그리퍼 프리셰이프. (session=Mon_May_15_22_22_44_2023, cam=20103212)",grasp;grip;pre-shape;preset;잡기;파지;프리셰이프,1,-0.07254444062709808,-0.1500024707056582,-0.15255528556711667,-0.08144830819219351,-0.15253005686181484
146,Mon_May_15_22_22_44_2023,20103212,146,745,grasp,pre-shape,,M,0,로봇 그리퍼가 대상을 파지하고 있습니다.,그리퍼 프리셰이프.,,"[147/250] 로봇 그리퍼가 대상을 파지하고 있습니다. 그리퍼 프리셰이프. (session=Mon_May_15_22_22_44_2023, cam=20103212)",grasp;grip;pre-shape;preset;잡기;파지;프리셰이프,1,-0.0725763812661171,-0.149987171869725,-0.1527685943325578,-0.08177404850721359,-0.15265685033351997
147,Mon_May_15_22_22_44_2023,20103212,147,398,grasp,pre-shape,,M,0,로봇 그리퍼가 대상을 파지하고 있습니다.,그리퍼 프리셰이프.,,"[148/250] 로봇 그리퍼가 대상을 파지하고 있습니다. 그리퍼 프리셰이프. (session=Mon_May_15_22_22_44_2023, cam=20103212)",grasp;grip;pre-shape;preset;잡기;파지;프리셰이프,1,-0.0726746991276741,-0.1494283126667142,-0.15237541190973553,-0.08247449528425932,-0.15261780914735656
148,Mon_May_15_22_22_44_2023,20103212,148,339,grasp,pre-shape,,M,0,로봇 그리퍼가 대상을 파지하고 있습니다.,그리퍼 프리셰이프.,,"[149/250] 로봇 그리퍼가 대상을 파지하고 있습니다. 그리퍼 프리셰이프. (session=Mon_May_15_22_22_44_2023, cam=20103212)",grasp;grip;pre-shape;preset;잡기;파지;프리셰이프,1,-0.07289464771747589,-0.14796491432935,-0.1510987789296987,-0.08366483263671398,-0.15222699980675736
149,Mon_May_15_22_22_44_2023,20103212,149,298,grasp,pre-shape,,M,0,로봇 그리퍼가 대상을 파지하고 있습니다.,그리퍼 프리셰이프.,,"[150/250] 로봇 그리퍼가 대상을 파지하고 있습니다. 그리퍼 프리셰이프. (session=Mon_May_15_22_22_44_2023, cam=20103212)",grasp;grip;pre-shape;preset;잡기;파지;프리셰이프,1,-0.07312486320734024,-0.14708081539720297,-0.15004818452597357,-0.08415315300226212,-0.15185631742030642
150,Mon_May_15_22_22_44_2023,20103212,150,361,grasp,pre-shape,,M,0,로봇 그리퍼가 대상을 파지하고 있습니다.,그리퍼 프리셰이프.,,"[151/250] 로봇 그리퍼가 대상을 파지하고 있습니다. 그리퍼 프리셰이프. (session=Mon_May_15_22_22_44_2023, cam=20103212)",grasp;grip;pre-shape;preset;잡기;파지;프리셰이프,1,-0.07330536097288132,-0.1465598726645112,-0.14891427208523011,-0.08415102679282427,-0.1514284739253672
151,Mon_May_15_22_22_44_2023,20103212,151,357,grasp,pre-shape,,M,0,로봇 그리퍼가 대상을 파지하고 있습니다.,그리퍼 프리셰이프.,,"[152/250] 로봇 그리퍼가 대상을 파지하고 있습니다. 그리퍼 프리셰이프. (session=Mon_May_15_22_22_44_2023, cam=20103212)",grasp;grip;pre-shape;preset;잡기;파지;프리셰이프,1,-0.07348256558179855,-0.14572416245937347,-0.14801113271169042,-0.08448270801454782,-0.15096011371706491
152,Mon_May_15_22_22_44_2023,20103212,152,330,grasp,pre-shape,,M,0,로봇 그리퍼가 대상을 파지하고 있습니다.,그리퍼 프리셰이프.,,"[153/250] 로봇 그리퍼가 대상을 파지하고 있습니다. 그리퍼 프리셰이프. (session=Mon_May_15_22_22_44_2023, cam=20103212)",grasp;grip;pre-shape;preset;잡기;파지;프리셰이프,1,-0.07356494665145874,-0.14447423443198204,-0.1470711578572651,-0.0851562162861228,-0.15040265767443406
153,Mon_May_15_22_22_44_2023,20103212,153,409,grasp,pre-shape,,M,0,로봇 그리퍼가 대상을 파지하고 있습니다.,그리퍼 프리셰이프.,,"[154/250] 로봇 그리퍼가 대상을 파지하고 있습니다. 그리퍼 프리셰이프. (session=Mon_May_15_22_22_44_2023, cam=20103212)",grasp;grip;pre-shape;preset;잡기;파지;프리셰이프,1,-0.07364653795957565,-0.14378387480974197,-0.1458383283096329,-0.08500706776976585,-0.1497260213299757
154,Mon_May_15_22_22_44_2023,20103212,154,362,grasp,pre-shape,,M,0,로봇 그리퍼가 대상을 파지하고 있습니다.,그리퍼 프리셰이프.,,"[155/250] 로봇 그리퍼가 대상을 파지하고 있습니다. 그리퍼 프리셰이프. (session=Mon_May_15_22_22_44_2023, cam=20103212)",grasp;grip;pre-shape;preset;잡기;파지;프리셰이프,1,-0.07370308041572571,-0.14356195274740458,-0.1442088927466985,-0.08425557985901833,-0.1489307189598425
155,Mon_May_15_22_22_44_2023,20103212,155,375,grasp,pre-shape,,M,0,로봇 그리퍼가 대상을 파지하고 있습니다.,그리퍼 프리셰이프.,,"[156/250] 로봇 그리퍼가 대상을 파지하고 있습니다. 그리퍼 프리셰이프. (session=Mon_May_15_22_22_44_2023, cam=20103212)",grasp;grip;pre-shape;preset;잡기;파지;프리셰이프,1,-0.07372333854436874,-0.1424197107553482,-0.14234509915413812,-0.08426484186202288,-0.14801952745878083
156,Mon_May_15_22_22_44_2023,20103212,156,342,grasp,pre-shape,,M,0,로봇 그리퍼가 대상을 파지하고 있습니다.,그리퍼 프리셰이프.,,"[157/250] 로봇 그리퍼가 대상을 파지하고 있습니다. 그리퍼 프리셰이프. (session=Mon_May_15_22_22_44_2023, cam=20103212)",grasp;grip;pre-shape;preset;잡기;파지;프리셰이프,1,-0.07372113317251205,-0.14117626566439867,-0.14133986916163788,-0.08474219869822264,-0.14737755278505096
157,Mon_May_15_22_22_44_2023,20103212,157,486,grasp,pre-shape,,M,0,로봇 그리퍼가 대상을 파지하고 있습니다.,그리퍼 프리셰이프.,,"[158/250] 로봇 그리퍼가 대상을 파지하고 있습니다. 그리퍼 프리셰이프. (session=Mon_May_15_22_22_44_2023, cam=20103212)",grasp;grip;pre-shape;preset;잡기;파지;프리셰이프,1,-0.073729008436203,-0.13957088720053434,-0.14100591279488922,-0.08579013589769602,-0.14687811559968486
158,Mon_May_15_22_22_44_2023,20103212,158,300,grasp,pre-shape,,M,0,로봇 그리퍼가 대상을 파지하고 있습니다.,그리퍼 프리셰이프.,,"[159/250] 로봇 그리퍼가 대상을 파지하고 있습니다. 그리퍼 프리셰이프. (session=Mon_May_15_22_22_44_2023, cam=20103212)",grasp;grip;pre-shape;preset;잡기;파지;프리셰이프,1,-0.0737236961722374,-0.1384743107482791,-0.14096134738726024,-0.0863750409334898,-0.14648061184809583
159,Mon_May_15_22_22_44_2023,20103212,159,343,grasp,pre-shape,,M,0,로봇 그리퍼가 대상을 파지하고 있습니다.,그리퍼 프리셰이프.,,"[160/250] 로봇 그리퍼가 대상을 파지하고 있습니다. 그리퍼 프리셰이프. (session=Mon_May_15_22_22_44_2023, cam=20103212)",grasp;grip;pre-shape;preset;잡기;파지;프리셰이프,1,-0.07373955845832825,-0.1361127346754074,-0.14032748799231765,-0.08801138214766979,-0.14582636006439892
160,Mon_May_15_22_22_44_2023,20103212,160,375,grasp,pre-shape,,M,0,로봇 그리퍼가 대상을 파지하고 있습니다.,그리퍼 프리셰이프.,,"[161/250] 로봇 그리퍼가 대상을 파지하고 있습니다. 그리퍼 프리셰이프. (session=Mon_May_15_22_22_44_2023, cam=20103212)",grasp;grip;pre-shape;preset;잡기;파지;프리셰이프,1,-0.07380428165197372,-0.13211768120527267,-0.13920885223254736,-0.0914553627371788,-0.14508644826004347
161,Mon_May_15_22_22_44_2023,20103212,161,355,grasp,pre-shape,,M,0,로봇 그리퍼가 대상을 파지하고 있습니다.,그리퍼 프리셰이프.,,"[162/250] 로봇 그리퍼가 대상을 파지하고 있습니다. 그리퍼 프리셰이프. (session=Mon_May_15_22_22_44_2023, cam=20103212)",grasp;grip;pre-shape;preset;잡기;파지;프리셰이프,1,-0.07396361231803894,-0.12676327675580978,-0.13823605731831579,-0.09658623114228249,-0.1444127323318518
162,Mon_May_15_22_22_44_2023,20103212,162,1993,grasp,contact,,M,0,로봇 그리퍼가 대상을 파지하고 있습니다.,대상 접촉.,,"[163/250] 로봇 그리퍼가 대상을 파지하고 있습니다. 대상 접촉. (session=Mon_May_15_22_22_44_2023, cam=20103212)",contact;grasp;grip;touch;잡기;접촉;파지,1,-0.0747772753238678,-0.12130007334053516,-0.13712702258921144,-0.10178505070507526,-0.14368286194092214
163,Mon_May_15_22_22_44_2023,20103212,163,371,grasp,contact,,M,0,로봇 그리퍼가 대상을 파지하고 있습니다.,대상 접촉.,,"[164/250] 로봇 그리퍼가 대상을 파지하고 있습니다. 대상 접촉. (session=Mon_May_15_22_22_44_2023, cam=20103212)",contact;grasp;grip;touch;잡기;접촉;파지,1,-0.07645371556282043,-0.1157412976026535,-0.1357640945548158,-0.10650805570185184,-0.14262209734448572
164,Mon_May_15_22_22_44_2023,20103212,164,252,grasp,contact,,M,0,로봇 그리퍼가 대상을 파지하고 있습니다.,대상 접촉.,,"[165/250] 로봇 그리퍼가 대상을 파지하고 있습니다. 대상 접촉. (session=Mon_May_15_22_22_44_2023, cam=20103212)",contact;grasp;grip;touch;잡기;접촉;파지,1,-0.0786588191986084,-0.10869084298610687,-0.134454110870113,-0.11309202760457993,-0.14158202879479156
165,Mon_May_15_22_22_44_2023,20103212,165,281,grasp,contact,,M,0,로봇 그리퍼가 대상을 파지하고 있습니다.,대상 접촉.,,"[166/250] 로봇 그리퍼가 대상을 파지하고 있습니다. 대상 접촉. (session=Mon_May_15_22_22_44_2023, cam=20103212)",contact;grasp;grip;touch;잡기;접촉;파지,1,-0.08259914815425873,-0.1035670842975378,-0.1343046716821204,-0.11823931522667408,-0.1410677169252936
166,Mon_May_15_22_22_44_2023,20103212,166,280,grasp,contact,,M,0,로봇 그리퍼가 대상을 파지하고 있습니다.,대상 접촉.,,"[167/250] 로봇 그리퍼가 대상을 파지하고 있습니다. 대상 접촉. (session=Mon_May_15_22_22_44_2023, cam=20103212)",contact;grasp;grip;touch;잡기;접촉;파지,1,-0.08823361247777939,-0.09978043287992477,-0.13444176437753175,-0.12060396000742912,-0.13989893765113404
167,Mon_May_15_22_22_44_2023,20103212,167,473,grasp,contact,,M,0,로봇 그리퍼가 대상을 파지하고 있습니다.,대상 접촉.,,"[168/250] 로봇 그리퍼가 대상을 파지하고 있습니다. 대상 접촉. (session=Mon_May_15_22_22_44_2023, cam=20103212)",contact;grasp;grip;touch;잡기;접촉;파지,1,-0.0920100212097168,-0.0959056094288826,-0.13479220139624803,-0.1235048845410347,-0.13903950813279348
168,Mon_May_15_22_22_44_2023,20103212,168,394,grasp,contact,,M,0,로봇 그리퍼가 대상을 파지하고 있습니다.,대상 접촉.,,"[169/250] 로봇 그리퍼가 대상을 파지하고 있습니다. 대상 접촉. (session=Mon_May_15_22_22_44_2023, cam=20103212)",contact;grasp;grip;touch;잡기;접촉;파지,1,-0.09643903374671936,-0.09200634621083736,-0.13503446693286297,-0.1265869401395321,-0.13825665792474523
169,Mon_May_15_22_22_44_2023,20103212,169,642,grasp,contact,,M,0,로봇 그리퍼가 대상을 파지하고 있습니다.,대상 접촉.,,"[170/250] 로봇 그리퍼가 대상을 파지하고 있습니다. 대상 접촉. (session=Mon_May_15_22_22_44_2023, cam=20103212)",contact;grasp;grip;touch;잡기;접촉;파지,1,-0.10115272551774979,-0.08826444484293461,-0.135453772866232,-0.1294506099075079,-0.13746317003797845
170,Mon_May_15_22_22_44_2023,20103212,170,1443,grasp,pre-shape,,M,0,로봇 그리퍼가 대상을 파지하고 있습니다.,그리퍼 프리셰이프.,,"[171/250] 로봇 그리퍼가 대상을 파지하고 있습니다. 그리퍼 프리셰이프. (session=Mon_May_15_22_22_44_2023, cam=20103212)",grasp;grip;pre-shape;preset;잡기;파지;프리셰이프,1,-0.10463856160640717,-0.08583974093198776,-0.1356497699486207,-0.131050743162632,-0.1368041557992619
171,Mon_May_15_22_22_44_2023,20103212,171,0,,,,,0,,,,,,0,-0.1073194220662117,-0.08332089893519878,-0.1357449985836982,-0.1333003155887127,-0.13645060909148451
172,Mon_May_15_22_22_44_2023,20103212,172,0,,,,,0,,,,,,0,-0.11038072407245636,-0.08163739554584026,-0.1359752159776058,-0.13519644923508167,-0.13638952342650915
173,Mon_May_15_22_22_44_2023,20103212,173,0,,,,,0,,,,,,0,-0.11325090378522873,-0.08273599296808243,-0.13693110763621796,-0.1343725435435772,-0.1367187206431943
174,Mon_May_15_22_22_44_2023,20103212,174,0,,,,,0,,,,,,0,-0.11484229564666748,-0.0860906895250082,-0.13835254295175764,-0.1310508605092764,-0.13710486882740816
175,Mon_May_15_22_22_44_2023,20103212,175,0,,,,,0,,,,,,0,-0.11530907452106476,-0.08991082664579153,-0.138809912246381,-0.12687262147665024,-0.1373367431915979
176,Mon_May_15_22_22_44_2023,20103212,176,0,,,,,0,,,,,,0,-0.11532854288816452,-0.09503743064124137,-0.1368907038271247,-0.11947753140702844,-0.1366233059726588
177,Mon_May_15_22_22_44_2023,20103212,177,0,,,,,0,,,,,,0,-0.11531888693571091,-0.09643847079132684,-0.1311067870310067,-0.11403983435593545,-0.1344408814255565
178,Mon_May_15_22_22_44_2023,20103212,178,0,,,,,0,,,,,,0,-0.11514262855052948,-0.09771795989945531,-0.12364691536724287,-0.10765084717422724,-0.13155830108038977
179,Mon_May_15_22_22_44_2023,20103212,179,0,,,,,0,,,,,,0,-0.11477671563625336,-0.09769938874524087,-0.11592089163731262,-0.1022374052554369,-0.12839682037931205
180,Mon_May_15_22_22_44_2023,20103212,180,0,,,,,0,,,,,,0,-0.11404333263635635,-0.09748417594528291,-0.10832808502453867,-0.09625191986560822,-0.1248052645025339
181,Mon_May_15_22_22_44_2023,20103212,181,0,,,,,0,,,,,,0,-0.11242648214101791,-0.09682907530805096,-0.10120311138378857,-0.08977358043193817,-0.12059055550898343
182,Mon_May_15_22_22_44_2023,20103212,182,0,,,,,0,,,,,,0,-0.10929957777261734,-0.09716834318533074,-0.09542552639414631,-0.08150137402117252,-0.11599527489159167
183,Mon_May_15_22_22_44_2023,20103212,183,0,,,,,0,,,,,,0,-0.10403581708669662,-0.09606794494902715,-0.0888874331171911,-0.0737424474209547,-0.11067728880999986
184,Mon_May_15_22_22_44_2023,20103212,184,0,,,,,0,,,,,,0,-0.09711100906133652,-0.09513190167490393,-0.08489527641450645,-0.0667586475610733,-0.10595028228579194
185,Mon_May_15_22_22_44_2023,20103212,185,0,,,,,0,,,,,,0,-0.08942980319261551,-0.09383671847172081,-0.08119925422838986,-0.06027031131088734,-0.10122730885957054
186,Mon_May_15_22_22_44_2023,20103212,186,0,,,,,0,,,,,,0,-0.0813908576965332,-0.09097171667963266,-0.07592822542382993,-0.05475879646837711,-0.09617871951533004
187,Mon_May_15_22_22_44_2023,20103212,187,0,,,,,0,,,,,,0,-0.07363612204790115,-0.08887997549027205,-0.07170163129172952,-0.049499062821269035,-0.0916468660697424
188,Mon_May_15_22_22_44_2023,20103212,188,0,,,,,0,,,,,,0,-0.06705781072378159,-0.08632407430559397,-0.0672089873131374,-0.044694624841213226,-0.08705853273631109
189,Mon_May_15_22_22_44_2023,20103212,189,0,,,,,0,,,,,,0,-0.060764942318201065,-0.08289587637409568,-0.06182736222413304,-0.040960825979709625,-0.08250020747805806
190,Mon_May_15_22_22_44_2023,20103212,190,0,,,,,0,,,,,,0,-0.056095466017723083,-0.07791145239025354,-0.052718781267602044,-0.03629922587424517,-0.07632777666114227
191,Mon_May_15_22_22_44_2023,20103212,191,0,,,,,0,,,,,,0,-0.051555708050727844,-0.07420534733682871,-0.04600936650698434,-0.031421974301338196,-0.07092158861259018
192,Mon_May_15_22_22_44_2023,20103212,192,0,,,,,0,,,,,,0,-0.04691880941390991,-0.07062413264065981,-0.0375219670838835,-0.024737626314163208,-0.06453637361179002
193,Mon_May_15_22_22_44_2023,20103212,193,0,,,,,0,,,,,,0,-0.042765673249959946,-0.0651081595569849,-0.02924248397489182,-0.01996712014079094,-0.057956487201675
194,Mon_May_15_22_22_44_2023,20103212,194,0,,,,,0,,,,,,0,-0.03784257918596268,-0.05988085828721523,-0.021320700673437998,-0.014250367879867554,-0.0510088224068943
195,Mon_May_15_22_22_44_2023,20103212,195,0,,,,,0,,,,,,0,-0.03226214647293091,-0.05326975975185633,-0.013426807880737857,-0.009876826778054237,-0.043975585088259904
196,Mon_May_15_22_22_44_2023,20103212,196,0,,,,,0,,,,,,0,-0.02726810798048973,-0.04691450856626034,-0.00912000497353993,-0.006734726019203663,-0.03787197548960493
197,Mon_May_15_22_22_44_2023,20103212,197,0,,,,,0,,,,,,0,-0.02181580848991871,-0.040264859795570374,-0.00544381026514823,-0.004249397665262222,-0.031999911215485836
198,Mon_May_15_22_22_44_2023,20103212,198,0,,,,,0,,,,,,0,-0.017678339034318924,-0.03400582820177078,-0.0038908013451356693,-0.0033991867676377296,-0.02742539769963395
199,Mon_May_15_22_22_44_2023,20103212,199,0,,,,,0,,,,,,0,-0.014685655944049358,-0.030071593821048737,-0.00342895813598576,-0.0009796489030122757,-0.023557437501156117
200,Mon_May_15_22_22_44_2023,20103212,200,0,,,,,0,,,,,,0,-0.012013060972094536,-0.026303716003894806,-0.00438957462766687,-0.0002923766151070595,-0.020789053011905104
201,Mon_May_15_22_22_44_2023,20103212,201,0,,,,,0,,,,,,0,-0.009504018351435661,-0.024155990686267614,-0.00672195007365492,-0.0005472921766340733,-0.019654958601897757
202,Mon_May_15_22_22_44_2023,20103212,202,0,,,,,0,,,,,,0,-0.008233672939240932,-0.022454433143138885,-0.009102866201684962,-0.0011223913170397282,-0.01898949389311898
203,Mon_May_15_22_22_44_2023,20103212,203,0,,,,,0,,,,,,0,-0.007969994097948074,-0.021677125710994005,-0.012835619926175379,-0.0031618550419807434,-0.019730142068013885
204,Mon_May_15_22_22_44_2023,20103212,204,0,,,,,0,,,,,,0,-0.007929865270853043,-0.020852777874097228,-0.01586986030995441,-0.005581813398748636,-0.020632369474916132
205,Mon_May_15_22_22_44_2023,20103212,205,0,,,,,0,,,,,,0,-0.007843411527574062,-0.02108487911755219,-0.019852628497998126,-0.007033067638985813,-0.021624512807920653
206,Mon_May_15_22_22_44_2023,20103212,206,0,,,,,0,,,,,,0,-0.007716094143688679,-0.021726471051806584,-0.02279269440301046,-0.007953667300171219,-0.022600856351955925
207,Mon_May_15_22_22_44_2023,20103212,207,0,,,,,0,,,,,,0,-0.007717908825725317,-0.022172710800077766,-0.026707221484373656,-0.01001005619764328,-0.02410023078925559
208,Mon_May_15_22_22_44_2023,20103212,208,0,,,,,0,,,,,,0,-0.007743470370769501,-0.022433015750721097,-0.029334494192437444,-0.012027840362861753,-0.02541306241193269
209,Mon_May_15_22_22_44_2023,20103212,209,0,,,,,0,,,,,,0,-0.008194024674594402,-0.02071242971578613,-0.03177208656370095,-0.01644216338172555,-0.026837815593181
210,Mon_May_15_22_22_44_2023,20103212,210,0,,,,,0,,,,,,0,-0.008998139761388302,-0.019351103343069553,-0.0340211746517865,-0.0204281248152256,-0.028292820134164696
211,Mon_May_15_22_22_44_2023,20103212,211,0,,,,,0,,,,,,0,-0.010208428837358952,-0.01919779716990888,-0.03586214321157938,-0.02322670817375183,-0.02986001400203111
212,Mon_May_15_22_22_44_2023,20103212,212,0,,,,,0,,,,,,0,-0.012086171656847,-0.018819215008988976,-0.03773272998856536,-0.026550608687102795,-0.03160482539879915
213,Mon_May_15_22_22_44_2023,20103212,213,0,,,,,0,,,,,,0,-0.014582565054297447,-0.018275919603183866,-0.03882843326854235,-0.029828916303813457,-0.03321870722371163
214,Mon_May_15_22_22_44_2023,20103212,214,0,,,,,0,,,,,,0,-0.017580879852175713,-0.017984585370868444,-0.03951578411476753,-0.03283000458031893,-0.03479232480010741
215,Mon_May_15_22_22_44_2023,20103212,215,0,,,,,0,,,,,,0,-0.020762616768479347,-0.018004192039370537,-0.04001951327474418,-0.03510306403040886,-0.03614520020057076
216,Mon_May_15_22_22_44_2023,20103212,216,0,,,,,0,,,,,,0,-0.023925386369228363,-0.018579840194433928,-0.040587136189012996,-0.03610524162650108,-0.03713097480679649
217,Mon_May_15_22_22_44_2023,20103212,217,0,,,,,0,,,,,,0,-0.02618507854640484,-0.01995642576366663,-0.04225047690808026,-0.03681609034538269,-0.038442778450024306
218,Mon_May_15_22_22_44_2023,20103212,218,0,,,,,0,,,,,,0,-0.02819524146616459,-0.02114360756240785,-0.044363856827706494,-0.03810656350106001,-0.040008146042186915
219,Mon_May_15_22_22_44_2023,20103212,219,0,,,,,0,,,,,,0,-0.030171506106853485,-0.025310595985502005,-0.04674776380104456,-0.03597265435382724,-0.041633817776451386
220,Mon_May_15_22_22_44_2023,20103212,220,0,,,,,0,,,,,,0,-0.032108135521411896,-0.029837588779628277,-0.048987497092411736,-0.03346755472011864,-0.04324729710859277
221,Mon_May_15_22_22_44_2023,20103212,221,0,,,,,0,,,,,,0,-0.0337093360722065,-0.03863556124269962,-0.052510728180446775,-0.02670307783409953,-0.04526701047645455
222,Mon_May_15_22_22_44_2023,20103212,222,0,,,,,0,,,,,,0,-0.03436756506562233,-0.04317382536828518,-0.05513219324421148,-0.02465241029858589,-0.04710955512773715
223,Mon_May_15_22_22_44_2023,20103212,223,0,,,,,0,,,,,,0,-0.034274980425834656,-0.03839797340333462,-0.058779629626214136,-0.034993029839824885,-0.049634146060176056
224,Mon_May_15_22_22_44_2023,20103212,224,0,,,,,0,,,,,,0,-0.034151457250118256,-0.04613887704908848,-0.061838191382280194,-0.030569960828870535,-0.05212305640138358
225,Mon_May_15_22_22_44_2023,20103212,225,0,,,,,0,,,,,,0,-0.03463093563914299,-0.04995238035917282,-0.06614126561152639,-0.031846337020397186,-0.05517296604092308
226,Mon_May_15_22_22_44_2023,20103212,226,0,,,,,0,,,,,,0,-0.03481940180063248,-0.0671731922775507,-0.07080353819426494,-0.019338862970471382,-0.05850883209368809
227,Mon_May_15_22_22_44_2023,20103212,227,0,,,,,0,,,,,,0,-0.03502599149942398,-0.04857404017820954,-0.04987623542547226,-0.028313239105045795,-0.05211535096168518
228,Mon_May_15_22_22_44_2023,20103212,228,0,,,,,0,,,,,,0,-0.034436389803886414,-0.05403197603300214,-0.04987623542547226,-0.027350444812327623,-0.05458597093820572
229,Mon_May_15_22_22_44_2023,20103212,229,0,,,,,0,,,,,,0,-0.03379169851541519,-0.05834056809544563,-0.04987623542547226,-0.026883626356720924,-0.05686289444565773
230,Mon_May_15_22_22_44_2023,20103212,230,0,,,,,0,,,,,,0,-0.033379506319761276,-0.06134195392951369,-0.04987623542547226,-0.026446839328855276,-0.05846942216157913
231,Mon_May_15_22_22_44_2023,20103212,231,0,,,,,0,,,,,,0,-0.0329890102148056,-0.06252762768417597,-0.04987623542547226,-0.025947516784071922,-0.058918505907058716
232,Mon_May_15_22_22_44_2023,20103212,232,0,,,,,0,,,,,,0,-0.03247932717204094,-0.06251264968886971,-0.04987623542547226,-0.02527335286140442,-0.05848105996847153
233,Mon_May_15_22_22_44_2023,20103212,233,0,,,,,0,,,,,,0,-0.0317813940346241,-0.06244123447686434,-0.04987623542547226,-0.024603677447885275,-0.05800682306289673
234,Mon_May_15_22_22_44_2023,20103212,234,0,,,,,0,,,,,,0,-0.03103981912136078,-0.06236116215586662,-0.04987623542547226,-0.02398239867761731,-0.05755452811717987
235,Mon_May_15_22_22_44_2023,20103212,235,0,,,,,0,,,,,,0,-0.030350929126143456,-0.06232709717005491,-0.04987623542547226,-0.023622168228030205,-0.05729608237743378
236,Mon_May_15_22_22_44_2023,20103212,236,0,,,,,0,,,,,,0,-0.029965715482831,-0.0623310967348516,-0.04987623542547226,-0.023524707183241844,-0.05722903460264206
237,Mon_May_15_22_22_44_2023,20103212,237,0,,,,,0,,,,,,0,-0.029870690777897835,-0.062360113486647606,-0.04987623542547226,-0.023504014126956463,-0.057229042053222656
238,Mon_May_15_22_22_44_2023,20103212,238,0,,,,,0,,,,,,0,-0.029864149168133736,-0.062368395272642374,-0.04987623542547226,-0.023495236877352,-0.05722525343298912
239,Mon_May_15_22_22_44_2023,20103212,239,0,,,,,0,,,,,,0,-0.029861092567443848,-0.062361161690205336,-0.04987623542547226,-0.023460414726287127,-0.05719874054193497
240,Mon_May_15_22_22_44_2023,20103212,240,0,,,,,0,,,,,,0,-0.029826108366250992,-0.062374051194638014,-0.04987623542547226,-0.02341921953484416,-0.057181619107723236
241,Mon_May_15_22_22_44_2023,20103212,241,0,,,,,0,,,,,,0,-0.029799684882164,-0.06239291746169329,-0.04987623542547226,-0.023416906129568815,-0.05719161033630371
242,Mon_May_15_22_22_44_2023,20103212,242,0,,,,,0,,,,,,0,-0.029799271374940872,-0.06238202005624771,-0.04987623542547226,-0.023397228214889765,-0.05717191845178604
243,Mon_May_15_22_22_44_2023,20103212,243,0,,,,,0,,,,,,0,-0.02977694757282734,-0.06238007824867964,-0.04987623542547226,-0.023364559281617403,-0.05715063959360123
244,Mon_May_15_22_22_44_2023,20103212,244,0,,,,,0,,,,,,0,-0.029753126204013824,-0.0623952504247427,-0.04987623542547226,-0.023366074543446302,-0.0571608804166317
245,Mon_May_15_22_22_44_2023,20103212,245,0,,,,,0,,,,,,0,-0.02975538559257984,-0.06239574356004596,-0.04987623542547226,-0.023360928520560265,-0.0571574904024601
246,Mon_May_15_22_22_44_2023,20103212,246,0,,,,,0,,,,,,0,-0.02975483238697052,-0.06239383155480027,-0.04987623542547226,-0.023347039707005024,-0.05714777857065201
247,Mon_May_15_22_22_44_2023,20103212,247,0,,,,,0,,,,,,0,-0.029738623648881912,-0.06239937013015151,-0.04987623542547226,-0.023338318802416325,-0.05714595317840576
248,Mon_May_15_22_22_44_2023,20103212,248,0,,,,,0,,,,,,0,-0.029742462560534477,-0.06240331521257758,-0.04987623542547226,-0.02334423828870058,-0.0571514368057251
249,Mon_May_15_22_22_44_2023,20103212,249,0,,,,,0,,,,,,0,-0.029734361916780472,-0.062396029476076365,-0.04987623542547226,-0.023334588389843702,-0.05714038759469986
